reference_ungapped_position,reference_residue,identity_max,identity_max_smoothed,reference_identity_fraction,reference_identity_fraction_smoothed,hydrophobicity_conservation,hydrophobicity_conservation_smoothed,charge_conservation,charge_conservation_smoothed,polarity_conservation,polarity_conservation_smoothed,size_conservation,size_conservation_smoothed,aromaticity_conservation,aromaticity_conservation_smoothed,occupancy,reference_domain_labels
1,M,0.9562841530054644,0.5311937888516096,0.9562841530054644,0.47954543720325804,0.9726775956284153,0.8490660684302564,0.994535519125683,0.818231712435136,0.9890710382513661,0.8537396908558941,0.9617486338797814,0.7206242267830892,1.0,0.8794795157443469,0.9786096256684492,
2,N,0.34065934065934067,0.5310761248560162,0.08241758241758242,0.48803583181572313,0.9230769230769231,0.8518640001146447,0.554945054945055,0.8444613863788736,0.9010989010989011,0.8557586854693428,0.8186813186813187,0.7255201889859076,1.0,0.8955012224698825,0.9732620320855615,
3,W,0.5081967213114754,0.5248509641622995,0.5081967213114754,0.4879592844134769,0.8633879781420765,0.8274905715268384,0.9781420765027322,0.8640026168961773,0.7431693989071039,0.8120788732594366,0.546448087431694,0.694195876273635,0.5355191256830601,0.8988224764027565,0.9786096256684492,
4,E,0.35359116022099446,0.5106731650705835,0.35359116022099446,0.47839294529036375,0.580110497237569,0.8383399643716979,0.574585635359116,0.8802880040698695,0.7624309392265194,0.825569014102007,0.5248618784530387,0.6624213917394307,0.9502762430939227,0.8571839525666977,0.9679144385026738,
5,L,0.4972375690607735,0.5504396387928996,0.4972375690607735,0.521746110099371,0.9060773480662984,0.8531275873780172,0.988950276243094,0.8935893369509951,0.8729281767955801,0.8417756315827364,0.7513812154696132,0.692945999006478,0.9116022099447514,0.8724174816465884,0.9679144385026738,
6,L,0.5304878048780488,0.5068798229096109,0.5304878048780488,0.4781862942160822,0.8658536585365854,0.8449902257284291,0.975609756097561,0.8941965014925858,0.8658536585365854,0.8280923815225286,0.75,0.6525034133674459,0.975609756097561,0.8494503804671968,0.8770053475935828,
7,L,0.4875,0.5208390222620687,0.4875,0.4733983231359764,0.68125,0.8385559608671977,0.98125,0.9423986114924487,0.55,0.808494625969717,0.50625,0.6389420683454268,0.91875,0.8307237887068971,0.8556149732620321,
8,W,0.4114285714285714,0.5639895781316748,0.4114285714285714,0.5165488790055827,0.9142857142857143,0.8511807959906197,0.9942857142857143,0.9448272696588117,0.92,0.8357542202163095,0.44,0.6803967508402449,0.5657142857142857,0.8823327747421126,0.9358288770053476,
9,L,0.8685714285714285,0.5715181508412024,0.8685714285714285,0.52407745171511,0.9714285714285714,0.8753632750740858,1.0,0.9914713126713443,0.9714285714285714,0.8109647650463216,0.9371428571428572,0.694488252485288,0.9942857142857143,0.8678826054095793,0.9358288770053476,
10,L,0.5642458100558659,0.5708939889157657,0.5642458100558659,0.5234532897896733,0.8994413407821229,0.8764881383243233,1.0,0.9908368623625216,0.8659217877094972,0.812048474763014,0.5977653631284916,0.6786612893760015,0.7932960893854749,0.8770838496180767,0.9572192513368984,
11,V,0.46629213483146065,0.5737486522938603,0.03932584269662921,0.5263079531677679,0.8651685393258427,0.868297157538111,0.9887640449438202,0.9935468894627925,0.7247191011235955,0.8257051843638179,0.6966292134831461,0.6621194666544034,0.8314606741573034,0.8797938767183479,0.9518716577540107,
12,L,0.896551724137931,0.5974225380440172,0.896551724137931,0.5499818389179247,0.9770114942528736,0.9030860778143194,1.0,0.9956302227961259,0.9885057471264368,0.8744496915829013,0.9195402298850575,0.7044256499563494,1.0,0.8806609514201684,0.46524064171123,
13,C,0.42134831460674155,0.5878987285202076,0.42134831460674155,0.5360135849496708,0.797752808988764,0.9094352841635257,0.9943820224719101,0.9962651434310463,0.5393258426966292,0.8325449296781394,0.651685393258427,0.6961716817023812,0.8202247191011236,0.8914546022138192,0.9518716577540107,
14,A,0.49162011173184356,0.576908894384306,0.49162011173184356,0.5250237508137692,0.9162011173184358,0.9019981520072924,0.9832402234636871,0.995640923705703,0.88268156424581,0.8332226539513693,0.6089385474860335,0.6844292169262085,0.994413407821229,0.8858473255953065,0.9572192513368984,
15,L,0.5561797752808989,0.5740914586990864,0.5561797752808989,0.5222063151285494,0.7921348314606742,0.908233064759896,1.0,0.9950236397550858,0.9887640449438202,0.8444165293910548,0.601123595505618,0.7143071395415613,1.0,0.9063452909722289,0.9518716577540107,
16,L,0.7005649717514124,0.5870960363104055,0.7005649717514124,0.582651591865961,0.9943502824858758,0.9151896468101111,1.0,0.9956547952551552,0.9887005649717514,0.8700650243279393,0.8870056497175142,0.7350520417471377,0.9265536723163842,0.9219854629794422,0.946524064171123,
17,L,0.32571428571428573,0.5521922427859223,0.2857142857142857,0.5477477983414778,0.9714285714285714,0.9073654148479482,1.0,0.9675717671721272,0.5428571428571428,0.8609636531576026,0.3657142857142857,0.7244559966683339,0.6628571428571428,0.895733936727916,0.9358288770053476,
18,L,0.7696629213483146,0.5814960825994153,0.7696629213483146,0.5770516381549707,0.9044943820224719,0.9267679572500561,0.9943820224719101,0.9663543662713194,0.9775280898876404,0.9078525558414027,0.8314606741573034,0.7404442985837573,0.9438202247191011,0.8979066352194425,0.9518716577540107,
19,L,0.5388888888888889,0.5952959823002713,0.5388888888888889,0.5908515378558269,0.9555555555555556,0.9291737339196335,0.9944444444444445,0.9663333244928682,0.9666666666666667,0.9190046984204933,0.8666666666666667,0.7725961360570606,0.9777777777777777,0.8947608893410008,0.9625668449197861,
20,V,0.5833333333333334,0.5965444217509579,0.5833333333333334,0.5920999773065135,0.9277777777777778,0.9160651196874239,0.9944444444444445,0.9188926253667759,0.9555555555555556,0.9083929630896568,0.8833333333333333,0.773220355782404,0.9722222222222222,0.8910155709889409,0.9625668449197861,
21,Q,0.5824175824175825,0.6121104627407277,0.5824175824175825,0.6076660182962832,0.9065934065934066,0.9136403630253788,0.7472527472527473,0.9188926253667759,0.9065934065934066,0.9078169540390716,0.8241758241758241,0.7753967732130588,0.7637362637362637,0.888797763686388,0.9732620320855615,
22,L,0.6850828729281768,0.6379212142973356,0.6850828729281768,0.6379212142973356,0.9723756906077348,0.9125178514056296,0.9834254143646409,0.9176648782826753,0.9613259668508287,0.9561551106645211,0.7955801104972375,0.8372787341005444,0.8397790055248618,0.9238025869785039,0.9679144385026738,
23,L,0.615819209039548,0.6125627190462338,0.615819209039548,0.6125627190462338,0.9378531073446328,0.8783168181667914,0.9830508474576272,0.8685653411019412,0.9830508474576272,0.9138392209962196,0.8983050847457628,0.843113981477787,0.9661016949152542,0.8925984981668665,0.946524064171123,
24,R,0.5674157303370787,0.6416978394336562,0.5674157303370787,0.6416978394336562,0.6741573033707865,0.870977618930723,0.5730337078651685,0.8679548779684578,0.8932584269662921,0.9126319363635206,0.6067415730337079,0.8474929460777461,0.9662921348314607,0.8944537604272854,0.9518716577540107,
25,F,0.8406593406593407,0.6837206314564482,0.8406593406593407,0.6837206314564482,0.9725274725274725,0.8790023102887476,1.0,0.865519658866572,0.9835164835164835,0.915738706136957,0.9065934065934066,0.8586244072092072,0.9065934065934066,0.8969296795698712,0.9732620320855615,
26,L,0.5580110497237569,0.6702896180254349,0.5580110497237569,0.6629636106994276,0.9613259668508287,0.8356567669432043,0.988950276243094,0.890550183897097,0.9779005524861878,0.9108547012529521,0.9226519337016574,0.874497423082223,0.9779005524861878,0.9225707052108968,0.9679144385026738,
27,R,0.5414364640883977,0.6998456273136084,0.5414364640883977,0.6925196199876011,0.5966850828729282,0.836310675716258,0.5524861878453039,0.8869570219145524,0.5966850828729282,0.9139440865787056,0.8839779005524862,0.8960030146694865,0.6629834254143646,0.9397691731960571,0.9679144385026738,
28,A,0.8011049723756906,0.7075082272753977,0.8011049723756906,0.7001822199493904,0.8895027624309392,0.8408004270741007,0.988950276243094,0.8870286668830286,0.9558011049723757,0.9134118668128822,0.9060773480662984,0.8765053482484597,0.994475138121547,0.9139462795581303,0.9679144385026738,
29,D,0.9615384615384616,0.7447035809094421,0.9615384615384616,0.7373775735834348,1.0,0.8721742532696173,0.9725274725274725,0.9320539070719229,0.9835164835164835,0.9204411237200092,0.9835164835164835,0.9165775406166949,0.9945054945054945,0.9176915979101905,0.9732620320855615,
30,G,0.46153846153846156,0.7557292886564614,0.3956043956043956,0.7484032813304541,0.5164835164835165,0.8740124272389388,0.9725274725274725,0.9314467425303322,0.8626373626373627,0.9210582964683294,0.967032967032967,0.9257417219120239,0.9945054945054945,0.9280701082887006,0.9732620320855615,
31,D,0.9510869565217391,0.7866242357727652,0.9510869565217391,0.7792982284467579,0.9782608695652174,0.8673805802846573,0.9510869565217391,0.9302458314480698,0.9891304347826086,0.9119776643463062,0.9891304347826086,0.9240141542936856,0.9945652173913043,0.9299184379153113,0.983957219251337,
32,L,0.6847826086956522,0.8242181198479464,0.6847826086956522,0.816892112521939,0.9782608695652174,0.903693045272061,0.9836956521739131,0.9726836138550579,0.9782608695652174,0.9476829647921191,0.7228260869565217,0.9308338532608348,0.7336956521739131,0.9546142686069756,0.983957219251337,
33,T,0.9021739130434783,0.8414602510290323,0.9021739130434783,0.834134243703025,0.9565217391304348,0.912934693405114,0.9782608695652174,0.9733041963975677,0.9565217391304348,0.9495581304205682,0.967391304347826,0.9388410453093274,1.0,0.9540138130658443,0.983957219251337,
34,L,0.9398907103825137,0.7959462628920932,0.9398907103825137,0.788620255566086,0.9890710382513661,0.8977555798653447,0.994535519125683,0.9271763715812182,0.9890710382513661,0.9374248477954823,0.9890710382513661,0.8914922192719769,1.0,0.9540171491347542,0.9786096256684492,
35,L,0.8360655737704918,0.8048238187309751,0.8360655737704918,0.8048238187309751,0.9016393442622951,0.9404299098324924,0.9781420765027322,0.9216346450450167,0.8961748633879781,0.9410237657590409,0.907103825136612,0.8552534427017087,0.994535519125683,0.9055177663812278,0.9786096256684492,
36,W,0.8797814207650273,0.7421186381720832,0.8797814207650273,0.7421186381720832,0.9234972677595629,0.894963232489764,0.9344262295081968,0.9147919568127055,0.9180327868852459,0.894963232489764,0.9453551912568307,0.8067374152642304,0.8852459016393442,0.8870915513119668,0.9786096256684492,
37,A,0.9562841530054644,0.772285476428729,0.9562841530054644,0.772285476428729,0.9726775956284153,0.8943428687190083,0.994535519125683,0.9147820573908317,0.9726775956284153,0.8943428687190084,0.9781420765027322,0.8344986940055519,0.9890710382513661,0.9166809232926432,0.9786096256684492,
38,E,0.5519125683060109,0.7251840271533667,0.5519125683060109,0.7251840271533667,0.8633879781420765,0.8925312745161096,0.5573770491803278,0.8936467916903488,0.8743169398907104,0.8937390039847087,0.5573770491803278,0.7952474862760831,0.994535519125683,0.893130198654962,0.9786096256684492,
39,W,0.5414364640883977,0.6923971419074652,0.5414364640883977,0.6923971419074652,0.9005524861878453,0.8907097808913372,0.9226519337016574,0.8808963363169425,0.8950276243093923,0.8925246749015273,0.6408839779005525,0.782497030902677,0.5580110497237569,0.8925230341133713,0.9679144385026738,
40,Q,0.3867403314917127,0.7051772955464926,0.3867403314917127,0.7051772955464926,0.569060773480663,0.9004310131713722,0.8895027624309392,0.8809095355461075,0.574585635359116,0.8998337480516552,0.5524861878453039,0.7897995044382226,0.8287292817679558,0.8925263339206625,0.9679144385026738,
41,G,0.9562841530054644,0.7106417764208095,0.9562841530054644,0.7106417764208095,0.9726775956284153,0.9071098231288706,0.9836065573770492,0.8809095355461075,0.9726775956284153,0.9052982289259722,0.9726775956284153,0.7885851753550409,1.0,0.9052767892940687,0.9786096256684492,
42,R,0.4782608695652174,0.6473987343305966,0.4782608695652174,0.6473987343305966,0.9402173913043478,0.8623559206277445,0.7880434782608695,0.8612060668738394,0.9510869565217391,0.8599469548597326,0.6141304347826086,0.7390425073565294,0.7880434782608695,0.8610908794286243,0.983957219251337,
43,R,0.644808743169399,0.6476043868366193,0.644808743169399,0.6476043868366193,0.9726775956284153,0.8667823459954708,0.8797814207650273,0.8608045548382712,0.9781420765027322,0.8631590511442773,0.8743169398907104,0.7452120825372099,0.994535519125683,0.8616980439702151,0.9786096256684492,
44,P,0.9510869565217391,0.6967540890249954,0.9510869565217391,0.6967540890249954,0.9891304347826086,0.8778320697523769,0.9782608695652174,0.8693987844269759,0.9619565217391305,0.8748226484432337,0.9728260869565217,0.7833120609686801,0.9945652173913043,0.9096067261330408,0.983957219251337,
45,E,0.9289617486338798,0.6994285867271175,0.9289617486338798,0.6994285867271175,0.9836065573770492,0.9227112030293002,0.9344262295081968,0.8336282072199346,0.9672131147540983,0.9082770973672959,0.9344262295081968,0.7831859680249076,1.0,0.9286368059366015,0.9786096256684492,
46,W,0.3870967741935484,0.6532348520087927,0.3870967741935484,0.6406222393961801,0.5698924731182796,0.9257470257372541,0.8172043010752689,0.7862004515954576,0.5645161290322581,0.8602618690241985,0.532258064516129,0.783819388330459,0.5913978494623656,0.9286368059366014,0.9946524064171123,
47,E,0.553763440860215,0.6487434040390839,0.553763440860215,0.6361307914264712,0.9032258064516129,0.9035607089857199,0.553763440860215,0.7845259510079137,0.9032258064516129,0.8368678228040654,0.6129032258064516,0.7888559466278869,1.0,0.9515869299736818,0.9946524064171123,
48,L,0.9837837837837838,0.688209099242484,0.9837837837837838,0.6755964866298714,1.0,0.9065965316936738,1.0,0.7978835709229106,1.0,0.8392964809704284,0.9837837837837838,0.8028207310844747,0.9891891891891892,0.9521940945152727,0.9893048128342246,
49,T,0.41081081081081083,0.6882384764457742,0.41081081081081083,0.6756258638331616,0.972972972972973,0.9078042611622728,0.5675675675675675,0.8002990298601086,0.8756756756756757,0.8435235341105252,0.5513513513513514,0.804638853554771,1.0,0.9527979592495721,0.9893048128342246,
50,D,0.5405405405405406,0.6961316154864542,0.42702702702702705,0.6835190028738416,1.0,0.9096257547870452,0.5567567567567567,0.8075850043591979,0.5405405405405406,0.8471665213600698,0.9783783783783784,0.8119248280538603,1.0,0.9527979592495721,0.9893048128342246,
51,M,0.43783783783783786,0.7438115534889729,0.43783783783783786,0.7311989408763603,0.7405405405405405,0.9574154799961252,0.772972972972973,0.8278956375730568,0.7405405405405405,0.8955536181342632,0.6594594594594595,0.8638961542187349,0.9945945945945946,0.9981981981981982,0.9893048128342246,
52,V,1.0,0.79279602182828,1.0,0.7801834092156673,1.0,0.9681681681681682,1.0,0.876880105912364,1.0,0.9063063063063063,1.0,0.9063095353417935,1.0,0.9981981981981982,0.9893048128342246,
53,V,0.9513513513513514,0.7940004520649683,0.9513513513513514,0.7813878394523557,1.0,0.9681681681681682,1.0,0.876880105912364,1.0,0.9057089347411927,0.9891891891891892,0.9081113371435952,1.0,0.9993993993993995,0.9893048128342246,
54,W,1.0,0.85886854596532,1.0,0.8462559333527074,1.0,0.971171171171171,1.0,0.924928153960412,1.0,0.9195227485550066,1.0,0.9573638154283315,1.0,0.9993993993993995,0.9893048128342246,
55,V,0.8162162162162162,0.9093222254512576,0.8162162162162162,0.9093222254512576,1.0,0.9705737996060577,1.0,0.9741774032096612,1.0,0.9699764280409442,1.0,0.9591688462656204,1.0,0.998802027834286,0.9893048128342246,
56,T,0.9946236559139785,0.968200458523039,0.9946236559139785,0.968200458523039,1.0,0.9994026284348865,0.9946236559139785,0.9994026284348865,1.0,0.995221027479092,0.9946236559139785,0.9970066841034583,1.0,0.9994026284348865,0.9946524064171123,
57,G,0.9946236559139785,0.9676030869579257,0.9946236559139785,0.9676030869579257,1.0,0.9994026284348865,1.0,0.9994026284348865,0.9946236559139785,0.9946236559139785,1.0,0.9970066841034583,1.0,0.9994026284348865,0.9946524064171123,
58,A,0.9946236559139785,0.9718137492331039,0.9946236559139785,0.9718137492331039,1.0,0.9994026284348865,1.0,0.9994026284348865,1.0,0.9946236559139785,0.9946236559139785,0.9982078853046595,1.0,0.9994026284348865,0.9946524064171123,
59,S,0.9946236559139785,0.9712163776679906,0.9946236559139785,0.9712163776679906,0.9946236559139785,0.998805256869773,1.0,0.9994026284348865,0.9946236559139785,0.9946236559139785,0.9946236559139785,0.9982078853046595,0.9946236559139785,0.9994026284348865,0.9946524064171123,
60,S,0.967741935483871,0.9898446833930706,0.967741935483871,0.9898446833930706,1.0,0.9982078853046593,1.0,0.997610513739546,0.967741935483871,0.9940262843488649,1.0,0.9964157706093191,1.0,0.9994026284348865,0.9946524064171123,
61,G,0.9946236559139785,0.98805256869773,0.9946236559139785,0.98805256869773,1.0,0.9970131421744325,1.0,0.9958183990442055,0.9946236559139785,0.9928315412186378,1.0,0.995221027479092,1.0,0.998805256869773,0.9946524064171123,
62,I,0.989247311827957,0.9862604540023896,0.989247311827957,0.9862604540023896,1.0,0.9964157706093189,1.0,0.9958183990442055,1.0,0.992831541218638,1.0,0.9940262843488649,1.0,0.998805256869773,0.9946524064171123,
63,G,0.9946236559139785,0.9749103942652331,0.9946236559139785,0.9749103942652331,0.9946236559139785,0.990442054958184,1.0,0.9958183990442055,1.0,0.9862604540023896,1.0,0.9892473118279571,1.0,0.998805256869773,0.9946524064171123,
64,E,0.9838709677419355,0.955794504181601,0.9838709677419355,0.955794504181601,0.9946236559139785,0.98805256869773,0.9838709677419355,0.992831541218638,0.9946236559139785,0.9719235364396656,0.9838709677419355,0.979689366786141,1.0,0.9910394265232974,0.9946524064171123,
65,E,0.978494623655914,0.9575866188769415,0.978494623655914,0.9575866188769415,0.989247311827957,0.98805256869773,0.978494623655914,0.9922341696535244,0.989247311827957,0.9755077658303465,0.9838709677419355,0.9784946236559138,0.9946236559139785,0.9910394265232974,0.9946524064171123,
66,L,0.978494623655914,0.9575866188769413,0.978494623655914,0.9575866188769413,0.9946236559139785,0.9874551971326164,1.0,0.9916367980884109,0.9946236559139785,0.9755077658303465,0.989247311827957,0.9778972520908005,1.0,0.9910394265232974,0.9946524064171123,
67,A,0.8924731182795699,0.9026284348864994,0.8924731182795699,0.9026284348864994,0.946236559139785,0.9324970131421745,1.0,0.9910394265232974,0.9408602150537635,0.9199522102747909,0.9516129032258065,0.9767025089605733,1.0,0.9910394265232974,0.9946524064171123,
68,Y,0.8225806451612904,0.8793309438470729,0.8225806451612904,0.8793309438470729,0.9731182795698925,0.9289127837514936,0.9731182795698925,0.9755077658303463,0.8655913978494624,0.9109916367980885,0.9086021505376344,0.9611708482676224,0.9247311827956989,0.9910394265232974,0.9946524064171123,
69,Q,0.9838709677419355,0.8273596176821982,0.9838709677419355,0.8273596176821982,1.0,0.9277180406212666,0.9946236559139785,0.9767025089605735,1.0,0.8757467144563919,0.989247311827957,0.9259259259259258,1.0,0.9892473118279571,0.9946524064171123,
70,L,0.9946236559139785,0.8261648745519712,0.9946236559139785,0.8261648745519712,0.9946236559139785,0.92831541218638,0.9946236559139785,0.97610513739546,0.9946236559139785,0.8739545997610514,0.9946236559139785,0.9247311827956991,1.0,0.9898446833930704,0.9946524064171123,
71,S,0.4946236559139785,0.7658303464755079,0.4946236559139785,0.7658303464755079,0.5053763440860215,0.8906810035842295,0.9946236559139785,0.97610513739546,0.5,0.8327359617682198,0.989247311827957,0.875746714456392,1.0,0.9892473118279569,0.9946524064171123,
72,K,0.7849462365591398,0.7162485065710873,0.7849462365591398,0.7162485065710873,0.9623655913978495,0.8787335722819595,0.8602150537634409,0.935483870967742,0.9193548387096774,0.8231780167264038,0.8602150537634409,0.8243727598566309,1.0,0.9826762246117084,0.9946524064171123,
73,L,0.5161290322580645,0.7329749103942653,0.5161290322580645,0.7329749103942653,0.9838709677419355,0.8811230585424136,0.9946236559139785,0.9384707287933095,0.6774193548387096,0.8375149342891278,0.6666666666666666,0.8339307048984469,0.9838709677419355,0.9910394265232976,0.9946524064171123,
74,G,0.967741935483871,0.6947431302270012,0.967741935483871,0.6947431302270012,0.9946236559139785,0.8811230585424136,0.9731182795698925,0.9390681003584231,0.9731182795698925,0.8375149342891278,0.9731182795698925,0.8261648745519714,1.0,0.9910394265232976,0.9946524064171123,
75,V,0.43548387096774194,0.6887694145758663,0.43548387096774194,0.6887694145758663,0.6559139784946236,0.8817204301075269,1.0,0.9396654719235364,0.6236559139784946,0.8381123058542413,0.5483870967741935,0.8267622461170848,0.9946236559139785,0.9910394265232976,0.9946524064171123,
76,S,0.44623655913978494,0.7437275985663081,0.44623655913978494,0.7437275985663081,0.8387096774193549,0.9354838709677418,0.6344086021505376,0.94026284348865,0.8548387096774194,0.8924731182795698,0.489247311827957,0.8273596176821982,0.9408602150537635,0.9910394265232976,0.9946524064171123,
77,L,0.9731182795698925,0.7604540023894863,0.9731182795698925,0.7604540023894863,0.9946236559139785,0.9324970131421745,1.0,0.9551971326164873,0.9946236559139785,0.8942652329749102,0.9946236559139785,0.8428912783751493,1.0,0.9910394265232976,0.9946524064171123,
78,V,0.6397849462365591,0.8130227001194743,0.6397849462365591,0.8130227001194743,1.0,0.9336917562724015,1.0,0.9551971326164873,1.0,0.9295101553166069,0.9193548387096774,0.8793309438470729,1.0,0.992831541218638,0.9946524064171123,
79,L,0.9408602150537635,0.8142045271077529,0.9408602150537635,0.8142045271077529,1.0,0.9342891278375149,1.0,0.9575833898414543,1.0,0.9324970131421745,1.0,0.8817172010720399,1.0,0.992831541218638,0.9946524064171123,
80,S,0.989247311827957,0.8174690819852111,0.989247311827957,0.8066582711744003,0.989247311827957,0.9220704575543284,1.0,0.9041299363880009,0.989247311827957,0.9208595692466661,0.9946236559139785,0.9168813975265588,1.0,0.9934289127837516,0.9946524064171123,
81,A,0.9354838709677419,0.8105298847234331,0.9354838709677419,0.7817010558946043,0.9354838709677419,0.9375892021053311,0.9946236559139785,0.8786851367496529,0.9354838709677419,0.9297813942975234,1.0,0.9303884529690981,1.0,0.9753753753753753,0.9946524064171123,
82,R,0.989247311827957,0.803907132939391,0.989247311827957,0.7750783041105621,0.9946236559139785,0.9375859730698441,0.9946236559139785,0.8696761277406438,0.9946236559139785,0.9297781652620363,0.9946236559139785,0.9291840227324099,1.0,0.9753753753753753,0.9946524064171123,
83,R,0.9783783783783784,0.843330427201395,0.9783783783783784,0.8145015983725661,1.0,0.9375859730698441,0.9945945945945946,0.8696761277406438,1.0,0.9297781652620363,0.9945945945945946,0.9381445962091123,1.0,0.9753753753753753,0.9893048128342246,
84,V,0.4648648648648649,0.8096612741774032,0.3675675675675676,0.7808324453485744,0.5459459459459459,0.9363847718686428,0.518918918918919,0.8342406923052085,0.518918918918919,0.9291775646614356,0.8648648648648649,0.9105169685814847,1.0,0.966966966966967,0.9893048128342246,
85,H,0.3837837837837838,0.8078530143046272,0.22162162162162163,0.7790241854757983,0.9783783783783784,0.9369789143982692,0.40540540540540543,0.8324388905034066,0.9351351351351351,0.9297717071910623,0.6108108108108108,0.9099131389453969,0.7783783783783784,0.9663663663663663,0.9893048128342246,
86,E,0.9135135135135135,0.8144208724853885,0.9135135135135135,0.7855920436565597,0.9945945945945946,0.9435467725790306,0.918918918918919,0.8324356614679195,0.9945945945945946,0.9363395653718237,0.9837837837837838,0.9099131389453972,1.0,0.9663663663663663,0.9893048128342246,
87,L,0.9945945945945946,0.8120120120120121,0.9945945945945946,0.7831831831831831,1.0,0.9441441441441442,1.0,0.8318318318318318,1.0,0.936936936936937,1.0,0.9093093093093094,1.0,0.9663663663663663,0.9893048128342246,
88,E,0.6378378378378379,0.7773773773773774,0.6378378378378379,0.7485485485485488,0.9891891891891892,0.9399625431883497,0.6810810810810811,0.8097323129581194,0.9945945945945946,0.933352707546256,0.7513513513513513,0.8854176757402564,0.9243243243243243,0.9645742516710258,0.9893048128342246,
89,R,0.972972972972973,0.7687364784138979,0.972972972972973,0.7507184603958797,0.9945945945945946,0.9838419064225518,0.9837837837837838,0.844069876327941,0.9945945945945946,0.982624560043915,0.9891891891891892,0.8627982821531208,0.9945945945945946,0.9460557331525075,0.9893048128342246,
90,V,0.9945945945945946,0.8372049468823664,0.9945945945945946,0.8372049468823664,0.9945945945945946,0.9862443088249542,0.9945945945945946,0.910135942394007,0.9945945945945946,0.9898317672511221,1.0,0.9060415253963642,1.0,0.9706803577771319,0.9893048128342246,
91,K,0.9675675675675676,0.8432303271012949,0.9675675675675676,0.8432303271012949,1.0,0.9862475378604412,0.9891891891891892,0.9191449514030161,1.0,0.9904323678517226,0.9891891891891892,0.9066485840679389,1.0,0.9706803577771319,0.9893048128342246,
92,R,0.6666666666666666,0.8323574977502045,0.6666666666666666,0.8323574977502045,0.9623655913978495,0.9856436731261417,0.7956989247311828,0.9112947098571222,0.967741935483871,0.9880169089145246,0.7795698924731183,0.9006099367249436,0.9838709677419355,0.9706803577771319,0.9946524064171123,
93,R,0.3870967741935484,0.8143394797321866,0.3870967741935484,0.8143394797321866,0.9408602150537635,0.9586166460991146,0.8279569892473119,0.9299133284757409,0.9623655913978495,0.9669958878935037,0.6612903225806451,0.8885979247129316,0.8333333333333334,0.9742839613807356,0.9946524064171123,
94,C,1.0,0.7656908310835379,1.0,0.7524776178703246,1.0,0.9562142436967123,1.0,0.931114529676942,1.0,0.9189478398454557,1.0,0.88679612291113,1.0,0.9718815589783332,0.9946524064171123,
95,L,0.967741935483871,0.7182433836360906,0.967741935483871,0.7050301704228773,0.9946236559139785,0.952010039492508,1.0,0.9142977128601254,1.0,0.9135424344400502,0.989247311827957,0.8735829096979167,1.0,0.9694791565759306,0.9946524064171123,
96,E,0.8967391304347826,0.7134385788312857,0.8967391304347826,0.7002253656180725,0.9945652173913043,0.9514094388919074,0.9293478260869565,0.9154989140613264,0.9782608695652174,0.9129418338394496,0.9456521739130435,0.8723817084967156,1.0,0.9694791565759309,0.983957219251337,
97,N,0.4756756756756757,0.7150401804328873,0.4756756756756757,0.7018269672196742,0.745945945945946,0.9537892380459001,0.8486486486486486,0.907568402905009,0.8054054054054054,0.9141236608277281,0.6432432432432432,0.8650421108345372,0.9567567567567568,0.97007007007007,0.9893048128342246,
98,G,0.5351351351351351,0.7176750733903609,0.41621621621621624,0.7044618601771477,0.972972972972973,0.9573573222591456,0.9945945945945946,0.9026602689646168,0.5621621621621622,0.899686643164904,0.972972972972973,0.855829672589841,0.972972972972973,0.9885885885885887,0.9893048128342246,
99,N,0.5675675675675675,0.6792366349519225,0.5675675675675675,0.6660234217387093,0.9567567567567568,0.9567567216585449,0.8432432432432433,0.8642218305261784,0.9459459459459459,0.896683640161901,0.8810810810810811,0.8173912341514025,0.9783783783783784,0.9885885885885887,0.9893048128342246,
100,L,0.9243243243243243,0.6786392633868089,0.9243243243243243,0.6654260501735957,0.9945945945945946,0.9573540932236584,1.0,0.8624297158308379,0.9945945945945946,0.896683640161901,0.9783783783783784,0.8161964910211754,1.0,0.9885885885885887,0.9893048128342246,
101,K,0.6810810810810811,0.6781652620362298,0.6810810810810811,0.6649520488230167,0.9837837837837838,0.9579579579579579,0.7243243243243244,0.8702799573767316,0.9783783783783784,0.8990990990990991,0.7135135135135136,0.8222351383641705,0.9891891891891892,0.9885885885885884,0.9893048128342246,
102,E,0.41081081081081083,0.7298524330782397,0.41081081081081083,0.7166392198650264,0.972972972972973,0.9837966999257323,0.7837837837837838,0.8847072879330944,0.8324324324324325,0.9183312344602668,0.5783783783783784,0.8570958054829023,1.0,0.9898091640027123,0.9893048128342246,
103,K,0.654054054054054,0.7629855662113727,0.654054054054054,0.7629855662113727,0.9945945945945946,0.9867997029287352,0.654054054054054,0.885307888533695,0.972972972972973,0.9669798831089155,0.654054054054054,0.8600988084859053,1.0,0.9928121670057154,0.9893048128342246,
104,D,0.9623655913978495,0.8080467564338532,0.9623655913978495,0.8080467564338532,1.0,0.9916045077335399,0.9838709677419355,0.9027253059511123,1.0,0.9729858891149215,0.978494623655914,0.8733120216991185,1.0,0.9952145694081178,0.9946524064171123,
105,I,0.8924731182795699,0.8057024766702185,0.8924731182795699,0.8057024766702185,1.0,0.9922051083341406,1.0,0.8955568471697504,1.0,0.962833801543479,1.0,0.8673512221899319,1.0,0.9952145694081178,0.9946524064171123,
106,L,0.9408602150537635,0.8381510542800866,0.9408602150537635,0.8381510542800866,0.978494623655914,0.9940069101359426,0.978494623655914,0.9261874778003809,0.978494623655914,0.9652362039458815,0.956989247311828,0.8961961961961963,0.967741935483871,0.9946236559139785,0.9946524064171123,
107,V,0.8333333333333334,0.903616519745552,0.8333333333333334,0.903616519745552,1.0,0.9970099131389455,1.0,0.9502115018244051,1.0,0.9838548225645,1.0,0.9430430430430431,1.0,0.9946236559139785,0.9946524064171123,
108,L,0.9731182795698925,0.94026284348865,0.9731182795698925,0.94026284348865,1.0,0.997610513739546,1.0,0.9886499402628436,1.0,0.9868578255675031,1.0,0.9802867383512547,1.0,0.9946236559139785,0.9946524064171123,
109,P,0.9032258064516129,0.8876941457586619,0.9032258064516129,0.8876941457586619,1.0,0.9420549581839904,0.9354838709677419,0.9892473118279569,0.9032258064516129,0.9318996415770608,0.9247311827956989,0.9336917562724015,1.0,0.9940262843488649,0.9946524064171123,
110,L,0.9731182795698925,0.8548387096774194,0.9731182795698925,0.8548387096774194,1.0,0.9420549581839904,1.0,0.973715651135006,1.0,0.9318996415770608,0.9731182795698925,0.9014336917562724,0.9838709677419355,0.9940262843488649,0.9946524064171123,
111,D,1.0,0.8345280764635604,1.0,0.7700119474313024,1.0,0.9384707287933094,1.0,0.9504181600955796,1.0,0.92831541218638,1.0,0.881720430107527,1.0,0.9970131421744325,0.9946524064171123,
112,L,0.9838709677419355,0.7939068100358423,0.9838709677419355,0.6923536439665473,1.0,0.9289127837514933,1.0,0.937873357228196,1.0,0.9038231780167264,0.989247311827957,0.8691756272401432,1.0,0.9964157706093189,0.9946524064171123,
113,T,0.489247311827957,0.7885304659498208,0.489247311827957,0.6869772998805258,0.5,0.9265232974910396,0.989247311827957,0.9372759856630825,0.5053763440860215,0.9014336917562724,0.5591397849462365,0.8673835125448028,0.9946236559139785,0.9958183990442053,0.9946524064171123,
114,D,0.5967741935483871,0.7986857825567503,0.5967741935483871,0.6971326164874553,1.0,0.925925925925926,0.8602150537634409,0.9438470728793309,1.0,0.911589008363202,0.7096774193548387,0.8751493428912782,1.0,0.9958183990442053,0.9946524064171123,
115,T,0.7580645161290323,0.7843488649940262,0.1774193548387097,0.6827956989247311,0.946236559139785,0.9241338112305856,0.7688172043010753,0.9313022700119473,0.946236559139785,0.9068100358422938,0.7795698924731183,0.8643966547192352,0.9946236559139785,0.997610513739546,0.9946524064171123,
116,G,0.46774193548387094,0.7182827989279601,0.13440860215053763,0.616729632858665,0.9139784946236559,0.8832929703897447,0.8870967741935484,0.900071038780716,0.7795698924731183,0.8671703962026543,0.8870967741935484,0.8079401982627787,0.9946236559139785,0.9970099131389455,0.9946524064171123,
117,S,0.9247311827956989,0.676466789370015,0.9247311827956989,0.57491362330072,0.978494623655914,0.8426717039620267,0.9946236559139785,0.8594497723529981,0.978494623655914,0.8253543866447094,0.9838709677419355,0.7667215602699473,0.9946236559139785,0.9964125415738319,0.9946524064171123,
118,H,0.9946236559139785,0.7218670283186411,0.9946236559139785,0.6203138622493461,0.9946236559139785,0.8868771997804257,0.9946236559139785,0.8606445154832252,0.9946236559139785,0.8689625108979948,0.9946236559139785,0.810329684523233,1.0,0.9970099131389455,0.9946524064171123,
119,E,0.8440860215053764,0.7385934321418192,0.8440860215053764,0.6370402660725242,0.9838709677419355,0.883890341954858,0.8870967741935484,0.8522813135716363,0.956989247311828,0.8659756530724274,0.8763440860215054,0.8186928864348219,1.0,0.9970099131389455,0.9946524064171123,
120,A,0.40540540540540543,0.7105169685814846,0.40540540540540543,0.6734799315444477,0.6324324324324324,0.8402822177015726,0.7189189189189189,0.8755788046110627,0.6432432432432432,0.8217701572540282,0.4918918918918919,0.8360166618231134,0.9945945945945946,0.9976072847040588,0.9893048128342246,
121,A,0.6075268817204301,0.7445671477929543,0.6075268817204301,0.7445671477929543,0.6344086021505376,0.8498401627433886,0.6344086021505376,0.8881236074784462,0.6236559139784946,0.8462623914236818,0.6182795698924731,0.8252639736510704,0.9946236559139785,0.9982046562691723,0.9946524064171123,
122,T,0.8978494623655914,0.7152959411023928,0.8978494623655914,0.7152959411023928,0.8978494623655914,0.8522296490038426,1.0,0.8887209790435597,0.8978494623655914,0.8486518776841359,0.9516129032258065,0.8270560883464109,1.0,0.998802027834286,0.9946524064171123,
123,K,0.7473118279569892,0.6812457618909231,0.7473118279569892,0.6812457618909231,0.9731182795698925,0.8522296490038426,0.7849462365591398,0.8582550292227711,0.9731182795698925,0.8462623914236818,0.7849462365591398,0.8007717394814169,1.0,0.997607284704059,0.9946524064171123,
124,A,0.5053763440860215,0.6370402660725242,0.5053763440860215,0.6370402660725242,0.553763440860215,0.8295295295295294,0.978494623655914,0.8092705608834642,0.5483870967741935,0.8510413639445898,0.9354838709677419,0.7876295650489199,1.0,0.9444412154089572,0.9946524064171123,
125,V,0.7741935483870968,0.7031063321385902,0.7741935483870968,0.7031063321385902,1.0,0.8703703703703702,1.0,0.8405017921146953,1.0,0.8906810035842293,0.7903225806451613,0.8440860215053763,1.0,0.9450418160095578,0.9946524064171123,
126,L,0.6612903225806451,0.7437275985663082,0.6612903225806451,0.7437275985663082,1.0,0.9109916367980885,1.0,0.8793309438470729,1.0,0.9295101553166069,1.0,0.8853046594982078,1.0,0.9444444444444444,0.9946524064171123,
127,Q,0.6881720430107527,0.6798088410991636,0.6881720430107527,0.6798088410991636,0.9946236559139785,0.9211469534050178,0.7204301075268817,0.8608124253285543,0.9731182795698925,0.9408602150537634,0.7580645161290323,0.8506571087216248,0.989247311827957,0.9205495818399044,0.9946524064171123,
128,E,0.44623655913978494,0.7037037037037037,0.44623655913978494,0.7037037037037037,0.7795698924731183,0.9241338112305854,0.44623655913978494,0.8847072879330944,1.0,0.9438470728793309,0.7580645161290323,0.8745519713261648,0.521505376344086,0.9205495818399044,0.9946524064171123,
129,F,1.0,0.7574671445639187,1.0,0.7574671445639187,1.0,0.973715651135006,1.0,0.8859020310633213,1.0,0.9940262843488649,1.0,0.8811230585424134,1.0,0.9199522102747909,0.9946524064171123,
130,G,0.9731182795698925,0.7532855436081243,0.9731182795698925,0.7532855436081243,1.0,0.973715651135006,0.9838709677419355,0.8859020310633213,0.9731182795698925,0.9940262843488649,0.989247311827957,0.9032258064516129,0.989247311827957,0.9199522102747909,0.9946524064171123,
131,R,0.3225806451612903,0.7909199522102748,0.3225806451612903,0.7909199522102748,0.989247311827957,0.973715651135006,0.8333333333333334,0.8859020310633214,1.0,0.9940262843488649,0.6397849462365591,0.9032258064516129,0.7849462365591398,0.9199522102747909,0.9946524064171123,
132,I,0.9623655913978495,0.7879330943847073,0.9623655913978495,0.7879330943847073,1.0,0.9743130227001195,1.0,0.9169653524492235,1.0,0.9970131421744325,1.0,0.9301075268817205,1.0,0.921146953405018,0.9946524064171123,
133,D,0.989247311827957,0.8494623655913979,0.989247311827957,0.8494623655913979,1.0,0.998805256869773,0.989247311827957,0.978494623655914,1.0,0.9970131421744325,0.9946236559139785,0.956989247311828,0.9946236559139785,0.9743130227001195,0.9946524064171123,
134,I,0.7365591397849462,0.8488649940262842,0.7365591397849462,0.8488649940262842,1.0,0.998805256869773,1.0,0.978494623655914,1.0,0.9970131421744325,0.989247311827957,0.956989247311828,1.0,0.9743130227001195,0.9946524064171123,
135,L,1.0,0.8416965352449223,1.0,0.8416965352449223,1.0,0.9922341696535244,1.0,0.9802867383512545,1.0,0.9964157706093191,1.0,0.9581839904420549,1.0,0.9755077658303465,0.9946524064171123,
136,V,0.6612903225806451,0.9169653524492234,0.6612903225806451,0.9169653524492234,1.0,0.9934289127837516,1.0,0.998805256869773,1.0,0.9964157706093191,1.0,0.9982078853046595,1.0,0.9994026284348865,0.9946524064171123,
137,N,1.0,0.8924731182795698,1.0,0.8136200716845877,1.0,0.9707287933094384,1.0,0.9725209080047789,1.0,0.973715651135006,1.0,0.9755077658303465,1.0,0.9994026284348865,0.9946524064171123,
138,N,0.9946236559139785,0.8787335722819594,0.9946236559139785,0.7998805256869772,1.0,0.9653524492234171,1.0,0.973715651135006,1.0,0.9677419354838711,1.0,0.9755077658303465,1.0,1.0,0.9946524064171123,
139,G,0.9086021505376344,0.9020310633213858,0.9086021505376344,0.8231780167264038,0.9408602150537635,0.9653524492234171,1.0,0.9695340501792116,0.967741935483871,0.9677419354838711,1.0,0.9749103942652331,1.0,0.9958183990442055,0.9946524064171123,
140,G,1.0,0.8948626045400238,1.0,0.8160095579450418,1.0,0.9599761051373955,1.0,0.9629629629629631,1.0,0.9659498207885304,1.0,0.9701314217443251,1.0,0.9940262843488651,0.9946524064171123,
141,M,0.7419354838709677,0.9241338112305854,0.03225806451612903,0.8452807646356033,0.7956989247311828,0.9522102747909198,0.7634408602150538,0.9629629629629631,0.7956989247311828,0.959378733572282,0.7956989247311828,0.9701314217443251,1.0,0.9940262843488651,0.9946524064171123,
142,S,0.8655913978494624,0.91872840582518,0.8655913978494624,0.8398753592301981,0.9516129032258065,0.9516096741903193,1.0,0.9629629629629631,0.946236559139785,0.9587781329716815,0.9946236559139785,0.9647260163389196,1.0,0.9898220801446609,0.9946524064171123,
143,Q,0.946236559139785,0.8604669185314348,0.946236559139785,0.7816138719364526,1.0,0.950408472989118,0.9623655913978495,0.9629629629629631,1.0,0.9059252801188286,0.9838709677419355,0.9118731634860667,0.9623655913978495,0.9477800381026188,0.9946524064171123,
144,R,0.9354838709677419,0.8069585714747005,0.9354838709677419,0.6944718912460848,0.9516129032258065,0.9503729535987601,0.9408602150537635,0.95995995995996,0.9838709677419355,0.9029029029029031,0.956989247311828,0.893254544867448,0.9838709677419355,0.9477800381026188,0.9946524064171123,
145,S,0.9247311827956989,0.7577093222254513,0.9247311827956989,0.6452226419968355,0.9301075268817204,0.9503729535987601,1.0,0.9581581581581582,0.9408602150537635,0.9029029029029029,1.0,0.8458070974200007,1.0,0.9477800381026188,0.9946524064171123,
146,L,0.9513513513513514,0.7755723465400886,0.9513513513513514,0.741938712906455,0.9945945945945946,0.9634634634634635,1.0,0.9844425070231522,0.9945945945945946,0.9159934127676065,0.9513513513513514,0.8679066162937131,0.9621621621621622,0.9477800381026188,0.9893048128342246,
147,C,0.4702702702702703,0.7442603894216798,0.4702702702702703,0.7106267557880462,0.9891891891891892,0.9682392069488844,1.0,0.9700280926087377,0.5243243243243243,0.92076592721754,0.5243243243243243,0.8606961800510189,0.6216216216216216,0.9471794375020183,0.9893048128342246,
148,M,0.42702702702702705,0.6949788498175595,0.12432432432432433,0.6613452161839259,0.9405405405405406,0.9676386063482839,0.972972972972973,0.9736090929639318,0.9405405405405406,0.9201653266169395,0.8324324324324325,0.8510768833349479,1.0,0.9507604378572121,0.9893048128342246,
149,D,0.5567567567567567,0.6847298911815041,0.5567567567567567,0.6510962575478705,1.0,0.9718137492331042,0.9837837837837838,0.9771771771771773,1.0,0.9213568407116797,0.572972972972973,0.8414414414414415,1.0,0.9525525525525526,0.9893048128342246,
150,T,0.9027027027027027,0.6913009783977526,0.9027027027027027,0.657667344764119,0.9135135135135135,0.9795795795795799,1.0,0.9771771771771773,0.9135135135135135,0.9279279279279281,0.9945945945945946,0.840844069876328,1.0,0.951955180987439,0.9893048128342246,
151,S,0.5837837837837838,0.663253576156802,0.5837837837837838,0.6296199425231683,0.9945945945945946,0.9795828086150669,0.8702702702702703,0.9765798056120638,0.9891891891891892,0.9028415512286482,0.9297297297297298,0.8372889018050307,0.9945945945945946,0.9471988117149408,0.9893048128342246,
152,L,0.5027027027027027,0.6534147050276082,0.5027027027027027,0.592899350963867,0.9945945945945946,0.978394523555814,0.9945945945945946,0.9234137363169622,0.9945945945945946,0.9527075462559336,0.8972972972972973,0.836975685362782,0.9945945945945946,0.9892408537569829,0.9893048128342246,
153,D,0.8432432432432433,0.6597306984403759,0.8432432432432433,0.5892408537569829,0.9891891891891892,0.931835060867319,0.972972972972973,0.8786270141108852,0.9945945945945946,0.9091349413930059,0.8702702702702703,0.8036229778165261,1.0,0.9892408537569829,0.9893048128342246,
154,V,0.9838709677419355,0.6904614291711065,0.9838709677419355,0.6199715844877135,1.0,0.931835060867319,1.0,0.880428815912687,1.0,0.9091349413930059,0.9946236559139785,0.8510704252639736,0.9946236559139785,0.9892408537569829,0.9946524064171123,
155,Y,0.6989247311827957,0.6552746294681778,0.6989247311827957,0.5620846653104717,0.9946236559139785,0.9414446704769285,0.9946236559139785,0.880428815912687,0.7688172043010753,0.9187445510026157,0.9193548387096774,0.8068681584810616,0.9193548387096774,0.9880461106267558,0.9946524064171123,
156,R,0.3817204301075269,0.6913655591074945,0.13978494623655913,0.5981755949497884,0.978494623655914,0.9414478995124157,0.521505376344086,0.8900642578061935,0.9731182795698925,0.9193483806387032,0.521505376344086,0.8051180212470536,1.0,0.9886467112273564,0.9946524064171123,
157,K,0.4838709677419355,0.7328812683651393,0.0913978494623656,0.6396913042074331,0.521505376344086,0.9414511285479027,0.5698924731182796,0.8900674868416805,0.5483870967741935,0.9193516096741904,0.532258064516129,0.8159320610933515,1.0,0.9892473118279569,0.9946524064171123,
158,L,0.8333333333333334,0.7497013142174431,0.8333333333333334,0.6565113500597372,1.0,0.9426523297491038,1.0,0.8924731182795698,1.0,0.9199522102747909,1.0,0.8303464755077657,1.0,0.9892473118279569,0.9946524064171123,
159,I,0.5860215053763441,0.7114695340501792,0.3817204301075269,0.6182795698924732,1.0,0.9426523297491038,1.0,0.8924731182795698,1.0,0.8799283154121863,0.5967741935483871,0.8291517323775389,0.989247311827957,0.98805256869773,0.9946524064171123,
160,E,0.9086021505376344,0.7335722819593786,0.9086021505376344,0.6403823178016727,0.9946236559139785,0.9432497013142174,0.956989247311828,0.8930704898446833,0.9946236559139785,0.9056152927120666,0.9139784946236559,0.8345280764635603,1.0,0.9940262843488649,0.9946524064171123,
161,L,0.8763440860215054,0.8010752688172044,0.8763440860215054,0.7347670250896057,0.9946236559139785,0.9444444444444444,0.9946236559139785,0.9462365591397849,0.9946236559139785,0.9086021505376343,0.9946236559139785,0.8876941457586619,1.0,0.9940262843488649,0.9946524064171123,
162,N,0.9946236559139785,0.8572281959378734,0.9946236559139785,0.8345280764635603,1.0,0.9970131421744325,0.9946236559139785,0.9940262843488649,1.0,0.9575866188769413,1.0,0.9390681003584231,1.0,0.9940262843488649,0.9946524064171123,
163,Y,0.6397849462365591,0.8572281959378734,0.6397849462365591,0.8345280764635602,1.0,0.9970131421744325,1.0,0.9940262843488649,0.6397849462365591,0.9575866188769413,0.9838709677419355,0.937873357228196,0.9838709677419355,0.9940262843488649,0.9946524064171123,
164,L,0.8978494623655914,0.9026284348864994,0.8978494623655914,0.9026284348864994,1.0,0.9970131421744325,1.0,0.9934289127837516,1.0,0.9575866188769413,0.967741935483871,0.9820788530465951,0.9731182795698925,0.9946236559139785,0.9946524064171123,
165,G,0.989247311827957,0.8918757467144565,0.989247311827957,0.8918757467144565,0.989247311827957,0.997610513739546,1.0,0.9982078853046595,1.0,0.958183990442055,1.0,0.9910394265232976,1.0,0.9946236559139785,0.9946524064171123,
166,T,0.989247311827957,0.9038231780167263,0.989247311827957,0.9038231780167263,0.9946236559139785,0.997610513739546,1.0,0.998805256869773,0.989247311827957,0.9581839904420549,0.9946236559139785,0.9916367980884109,1.0,0.9946236559139785,0.9946524064171123,
167,V,0.8333333333333334,0.8972520908004777,0.8333333333333334,0.8972520908004777,1.0,0.9934289127837516,1.0,0.9940262843488649,1.0,0.9540023894862605,0.989247311827957,0.9892473118279569,1.0,0.9946236559139785,0.9946524064171123,
168,S,0.9946236559139785,0.8760147244018213,0.9946236559139785,0.8760147244018213,1.0,0.9399754593302981,0.9946236559139785,0.9790112693338499,1.0,0.9904226807452614,0.9946236559139785,0.9321805676644386,0.9946236559139785,0.9777971519907004,0.9946524064171123,
169,L,0.8118279569892473,0.8861635829377765,0.8118279569892473,0.8861635829377765,1.0,0.9399754593302981,1.0,0.9790112693338499,1.0,0.9904226807452616,0.9946236559139785,0.935164196454519,1.0,0.9807840098162678,0.9946524064171123,
170,T,0.9838709677419355,0.8861571248668024,0.9838709677419355,0.8861571248668024,0.9946236559139785,0.941170202460525,1.0,0.9790112693338499,0.9946236559139785,0.9904226807452616,1.0,0.935164196454519,1.0,0.9807840098162678,0.9946524064171123,
171,K,0.9354838709677419,0.8699344505796119,0.9354838709677419,0.8699344505796119,0.9623655913978495,0.941166973425038,0.9516129032258065,0.9718040621266427,0.9623655913978495,0.9748006070586717,0.978494623655914,0.9315573638154283,1.0,0.9807840098162678,0.9946524064171123,
172,C,0.4486486486486487,0.8806451612903227,0.4486486486486487,0.8806451612903227,0.518918918918919,0.9357615680196325,0.8648648648648649,0.9651974555200362,0.9675675675675676,0.9742000064580709,0.4702702702702703,0.9255448997384482,0.8324324324324325,0.9783816074138654,0.9893048128342246,
173,V,0.9891891891891892,0.8788401304530338,0.9891891891891892,0.8788401304530338,1.0,0.9357615680196325,1.0,0.9657948270851497,1.0,0.9742000064580709,0.9945945945945946,0.9249410701023604,1.0,0.9777777777777776,0.9893048128342246,
174,L,0.9891891891891892,0.8474958829797541,0.9891891891891892,0.8474958829797541,1.0,0.9015273337853983,1.0,0.9657948270851497,1.0,0.9399657722238367,1.0,0.8822951984242307,1.0,0.9777777777777779,0.9893048128342246,
175,P,0.8432432432432433,0.7922309406180374,0.8432432432432433,0.7922309406180374,0.9945945945945946,0.9009235041493106,0.9351351351351351,0.9093383706286934,0.8486486486486486,0.939361942587749,0.9621621621621622,0.8720849882140205,1.0,0.9777777777777779,0.9893048128342246,
176,H,0.9297297297297298,0.7915915915915916,0.9297297297297298,0.7915915915915916,0.9513513513513514,0.9051051051051052,0.9405405405405406,0.9099099099099099,0.9945945945945946,0.9429429429429429,0.9351351351351351,0.8684684684684684,0.9783783783783784,0.9765765765765766,0.9893048128342246,
177,M,0.9783783783783784,0.8048048048048049,0.9783783783783784,0.8048048048048049,1.0,0.9585585585585584,1.0,0.8786786786786788,1.0,0.9051051051051052,0.9891891891891892,0.8810810810810811,0.9891891891891892,0.9951951951951953,0.9893048128342246,
178,I,0.5297297297297298,0.74865833575511,0.5297297297297298,0.74865833575511,0.6918918918918919,0.9555717007329911,1.0,0.8476153572927767,0.6918918918918919,0.9015208757144241,0.6108108108108108,0.8267234976912395,1.0,0.9940004520649681,0.9893048128342246,
179,E,0.4864864864864865,0.749859536956311,0.4864864864864865,0.749859536956311,0.9891891891891892,0.9555717007329911,0.4918918918918919,0.8476153572927767,0.9891891891891892,0.9015208757144241,0.9081081081081082,0.8267234976912395,1.0,0.9940004520649681,0.9893048128342246,
180,R,0.9297297297297298,0.7224740869902161,0.9297297297297298,0.7224740869902161,1.0,0.9484064709871161,0.9567567567567568,0.8112144402466983,0.9945945945945946,0.9105718621847654,0.9459459459459459,0.7879169492072717,0.9891891891891892,0.9928057089347411,0.9893048128342246,
181,K,0.5675675675675675,0.7171397203655268,0.5675675675675675,0.7171397203655268,1.0,0.9538118763925216,0.5837837837837838,0.8178210468533049,0.6270270270270271,0.9111724627853661,0.5837837837837838,0.7951241564144791,1.0,0.9952081113371436,0.9893048128342246,
182,Q,0.4838709677419355,0.7069973199005457,0.4838709677419355,0.7069973199005457,0.9731182795698925,0.9520197616971812,0.7204301075268817,0.817821046853305,0.967741935483871,0.9093803480900254,0.5053763440860215,0.7885595272692046,0.989247311827957,0.9958119409732313,0.9946524064171123,
183,G,1.0,0.7449126545900739,1.0,0.7449126545900739,1.0,0.9743065646291453,1.0,0.8178210468533049,1.0,0.9316671510219897,1.0,0.8228421970357453,1.0,0.9958119409732313,0.9946524064171123,
184,K,0.5967741935483871,0.7852433078239529,0.5967741935483871,0.7852433078239529,0.9301075268817204,0.9743130227001195,0.6075268817204301,0.8742775033097614,0.9301075268817204,0.931673609092964,0.6129032258064516,0.8211049759436855,0.989247311827957,0.9958119409732313,0.9946524064171123,
185,I,0.8817204301075269,0.7410797894668862,0.8817204301075269,0.7291323581646163,1.0,0.9743130227001195,1.0,0.8784849365494526,1.0,0.9322742096935647,1.0,0.8265136103845782,1.0,0.9970131421744325,0.9946524064171123,
186,V,0.8870967741935484,0.7891278375149343,0.8870967741935484,0.7771804062126644,0.9838709677419355,0.9743130227001195,1.0,0.9247311827956989,0.9838709677419355,0.973715651135006,0.9301075268817204,0.8727598566308242,0.9946236559139785,0.9970131421744325,0.9946524064171123,
187,T,0.8709677419354839,0.7768058380961607,0.8709677419354839,0.7498433917788757,0.8924731182795699,0.9760986793244858,1.0,0.955794504181601,0.8924731182795699,0.9766992799250863,0.9193548387096774,0.9175078304110562,1.0,0.9922018792986536,0.9946524064171123,
188,V,0.8494623655913979,0.7029319642222869,0.8494623655913979,0.6615551034905873,0.989247311827957,0.9694920727178792,1.0,0.955794504181601,0.989247311827957,0.9718944751202816,0.8924731182795699,0.8670573799606057,1.0,0.9891988762956506,0.9946524064171123,
189,N,0.532258064516129,0.7471342310051988,0.42473118279569894,0.7057573702734994,1.0,0.9772579030643548,0.9946236559139785,0.9994026284348865,1.0,0.9790597048661566,0.9946236559139785,0.9100681326487776,1.0,0.9903936194258773,0.9946524064171123,
190,S,1.0,0.7092253543866447,1.0,0.6678484936549451,1.0,0.9760567018631535,1.0,0.998802027834286,1.0,0.9778585036649553,1.0,0.90226032484097,1.0,0.9831864122186702,0.9893048128342246,
191,I,0.372972972972973,0.6496980851819562,0.23783783783783785,0.6011140172430495,0.9891891891891892,0.9724434111530886,1.0,0.998802027834286,0.9945945945945946,0.974845813555491,0.9081081081081082,0.8469630921243825,0.9459459459459459,0.9837837837837837,0.9893048128342246,
192,L,0.33513513513513515,0.6099809486906261,0.20540540540540542,0.5367722561270949,0.9405405405405406,0.9699764280409442,1.0,0.998802027834286,0.9567567567567568,0.9531596112241273,0.5459459459459459,0.855923665601085,0.972972972972973,0.9837837837837837,0.9893048128342246,
193,G,0.9945945945945946,0.5936743194807711,0.9945945945945946,0.46581097226258517,1.0,0.9657657657657658,1.0,0.9982014272336853,0.9945945945945946,0.9495495495495495,1.0,0.8396428686751268,1.0,0.9837837837837837,0.9893048128342246,
194,I,0.5405405405405406,0.6402402402402402,0.5405405405405406,0.5243243243243244,0.9891891891891892,0.9651651651651653,0.9945945945945946,0.998798798798799,0.9891891891891892,0.9447447447447447,0.9297297297297298,0.8402402402402402,0.9351351351351351,0.9837837837837837,0.9893048128342246,
195,I,0.35135135135135137,0.637837837837838,0.2864864864864865,0.521921921921922,0.9513513513513514,0.9651651651651653,1.0,0.998798798798799,0.9567567567567568,0.9447447447447449,0.43243243243243246,0.8390390390390391,1.0,0.9831831831831832,0.9893048128342246,
196,S,0.5135135135135135,0.64984984984985,0.2918918918918919,0.548948948948949,0.8702702702702703,0.9117117117117116,1.0,0.9981981981981983,0.6972972972972973,0.8936936936936939,1.0,0.8474474474474474,1.0,0.9891891891891892,0.9893048128342246,
197,V,0.7027027027027027,0.6756756756756758,0.21081081081081082,0.5303303303303304,0.9513513513513514,0.9075075075075075,0.9945945945945946,0.9981981981981982,0.9567567567567568,0.8852852852852854,0.745945945945946,0.8936936936936939,1.0,0.9921921921921921,0.9893048128342246,
198,P,0.9513513513513514,0.6720946753204817,0.9513513513513514,0.5267493299751363,0.9945945945945946,0.90452064968194,1.0,0.9976008266330846,0.9567567567567568,0.884691142755659,1.0,0.8930963221285803,1.0,0.9921921921921921,0.9893048128342246,
199,L,0.9783783783783784,0.7201588685459652,0.9783783783783784,0.57481352320062,1.0,0.9057218508831413,1.0,0.9982014272336853,1.0,0.8829054861312926,0.9891891891891892,0.8979172721108204,0.9945945945945946,0.9964125415738319,0.9893048128342246,
200,S,0.4810810810810811,0.7438438438438438,0.4810810810810811,0.6057057057057057,0.5081081081081081,0.8752849623817366,0.9945945945945946,0.9982014272336853,0.5351351351351351,0.8739707449384868,0.9837837837837838,0.9579934773483161,1.0,0.9964125415738319,0.9893048128342246,
201,I,0.5675675675675675,0.7961057832025573,0.03783783783783784,0.6825922696890439,0.9027027027027027,0.8879072621008106,1.0,0.9982014272336853,0.8810810810810811,0.9076043785721204,0.9621621621621622,0.9579934773483161,1.0,0.9964125415738319,0.9893048128342246,
202,G,0.9623655913978495,0.8231651005844555,0.9623655913978495,0.7643062417255966,0.9731182795698925,0.8927152959411023,0.9946236559139785,0.998802027834286,0.989247311827957,0.9118118118118118,0.9946236559139785,0.9862217055765442,1.0,0.9964125415738319,0.9946524064171123,
203,Y,0.9731182795698925,0.8285705059898608,0.9731182795698925,0.7697116471310019,1.0,0.8933158965417031,1.0,0.998802027834286,0.9731182795698925,0.9166166166166165,0.9731182795698925,0.9862217055765442,0.9731182795698925,0.9964125415738319,0.9946524064171123,
204,C,0.5645161290322581,0.8291711065904613,0.5645161290322581,0.7703122477316026,0.6774193548387096,0.8915140947399011,1.0,0.9970002260324841,0.8763440860215054,0.9154154154154153,0.9731182795698925,0.9862217055765442,1.0,0.9964125415738319,0.9946524064171123,
205,A,0.9838709677419355,0.886828764248119,0.9838709677419355,0.8279699053892602,0.9838709677419355,0.9461687493945559,1.0,0.9976008266330846,1.0,0.9670670670670671,1.0,0.9880235073783462,1.0,0.9964125415738319,0.9946524064171123,
206,S,0.946236559139785,0.9312732086925634,0.946236559139785,0.9312732086925634,0.9946236559139785,0.9569795602053666,1.0,0.9976008266330846,0.9946236559139785,0.9802802802802802,1.0,0.9922277115825504,1.0,0.9964125415738319,0.9946524064171123,
207,K,1.0,0.8892085634021117,1.0,0.8675869417804901,1.0,0.9593658174303337,1.0,0.9531531531531532,1.0,0.9808744228099067,1.0,0.9483806387032193,1.0,0.9946107397720301,0.9946524064171123,
208,H,0.9837837837837838,0.8910070670981488,0.9837837837837838,0.8693854454765271,0.9837837837837838,0.9581774633008031,0.9837837837837838,0.9531531531531532,0.9891891891891892,0.9838612806354742,0.9891891891891892,0.9507733194640215,0.9945945945945946,0.9975975975975976,0.9893048128342246,
209,A,1.0,0.9370174556132811,1.0,0.9153958339916595,1.0,0.9940197572076129,1.0,0.9531531531531532,1.0,0.9970066495683194,1.0,0.9519776460952932,1.0,0.9958150664033018,0.9893048128342246,
210,L,0.9675675675675676,0.9310852684666726,0.9675675675675676,0.909463646845051,1.0,0.9952176948381882,1.0,0.9531531531531532,1.0,0.9958182954387887,1.0,0.9442533442533443,1.0,0.9880907645613528,0.9893048128342246,
211,R,0.5837837837837838,0.9311172134701547,0.3891891891891892,0.9094955918485331,0.9945945945945946,0.9952208893385364,0.5945945945945946,0.948993913699796,0.9945945945945946,0.9952273128743716,0.6,0.9412824589295179,0.9837837837837838,0.9869024104318223,0.9893048128342246,
212,G,0.9893048128342246,0.8818005170946347,0.9893048128342246,0.8138330844213196,0.9893048128342246,0.9738305150069855,1.0,0.948993913699796,1.0,0.9673009908304024,0.9946524064171123,0.9406882818647525,1.0,0.9869024104318223,1.0,
213,F,0.9786096256684492,0.8824139647669059,0.9786096256684492,0.8144465320935909,1.0,0.9756323168087874,1.0,0.9507957155015979,0.9946524064171123,0.9685021920316039,0.983957219251337,0.9418894830659538,0.983957219251337,0.9875030110324228,1.0,
214,F,0.93048128342246,0.8705304234716,0.93048128342246,0.8025629907982849,0.9946524064171123,0.9744439626792568,1.0,0.9424772365948838,0.9893048128342246,0.9679080149668385,0.93048128342246,0.9311942959001782,0.93048128342246,0.9839379486438311,1.0,
215,N,0.946524064171123,0.831353278412102,0.946524064171123,0.763385845738787,0.9946524064171123,0.9584011819305938,0.9625668449197861,0.9424772365948838,0.9893048128342246,0.9381991617285735,0.9732620320855615,0.9199049316696374,0.9893048128342246,0.9833437715790657,1.0,
216,G,0.5561497326203209,0.8775995246583482,0.13903743315508021,0.8312537136066547,0.8074866310160428,0.9590017825311943,1.0,0.9875222816399286,0.7486631016042781,0.9387997623291741,0.9946524064171123,0.964349376114082,1.0,0.9851455733808676,1.0,
217,L,0.9893048128342246,0.8758169934640523,0.9893048128342246,0.829471182412359,1.0,0.9601901366607248,1.0,0.9875222816399286,1.0,0.9387997623291741,1.0,0.9631610219845513,1.0,0.9845513963161022,1.0,
218,R,0.893048128342246,0.8146167557932265,0.893048128342246,0.758169934640523,0.9893048128342246,0.9114676173499703,0.9251336898395722,0.9839572192513368,0.9946524064171123,0.8853238265002971,0.9037433155080213,0.9530600118835414,0.9679144385026738,0.9815805109922757,1.0,
219,T,0.6149732620320856,0.7593582887700535,0.6149732620320856,0.6767676767676769,0.8556149732620321,0.9025549613784908,1.0,0.9370172311348782,0.732620320855615,0.8764111705288176,0.8983957219251337,0.9358288770053476,0.9946524064171123,0.9875222816399286,1.0,
220,E,1.0,0.7414051968131665,1.0,0.6588145848107899,1.0,0.8953833080967806,1.0,0.9381896127626678,1.0,0.8650547217909647,1.0,0.9274497025920176,1.0,0.9803474338578702,1.0,
221,L,0.9732620320855615,0.7895271500584594,0.9732620320855615,0.7532823491077761,1.0,0.9167736824283312,1.0,0.9381896127626678,1.0,0.8917863007047069,0.983957219251337,0.9280438796567828,0.9946524064171123,0.9803474338578704,1.0,
222,A,0.42780748663101603,0.7333678339370938,0.33689839572192515,0.6971230329864105,0.5614973262032086,0.9167736824283312,0.9679144385026738,0.8993604610302902,0.5133689839572193,0.8380228598444918,0.893048128342246,0.8933963288801999,0.9572192513368984,0.9797500622927569,1.0,
223,T,0.43315508021390375,0.7422804899085734,0.19786096256684493,0.7060356889578902,0.9144385026737968,0.917962036557862,0.5775401069518716,0.9076789399370043,0.9090909090909091,0.8386170369092569,0.7754010695187166,0.9040915160459753,0.983957219251337,0.9833151246813485,1.0,
224,Y,0.7849462365591398,0.7060356889578902,0.7849462365591398,0.6614724091004925,0.9301075268817204,0.8900357145138929,0.9731182795698925,0.9047080546131779,0.8870967741935484,0.8243567873548898,0.8978494623655914,0.8702234233543531,0.9247311827956989,0.9821267705518181,0.9946524064171123,
225,P,0.989247311827957,0.6650374714890844,0.989247311827957,0.5824468594867077,1.0,0.8900357145138931,1.0,0.9047080546131779,0.989247311827957,0.8243567873548898,1.0,0.8654700068362309,1.0,0.9785617081632263,0.9946524064171123,
226,G,0.4838709677419355,0.6454296283518296,0.4838709677419355,0.5628390163494528,1.0,0.8710220484414033,0.6505376344086021,0.9047080546131779,0.5161290322580645,0.8106907148652879,0.6881720430107527,0.8535864655409248,0.9946236559139785,0.9791558852279915,0.9946524064171123,
227,I,0.9732620320855615,0.654342284323309,0.9732620320855615,0.5818526824219423,1.0,0.907861026456852,1.0,0.9082731170017699,1.0,0.8528772864636243,1.0,0.8512097572818635,1.0,0.9839093017461139,1.0,
228,I,0.2887700534759358,0.6721675962662679,0.21390374331550802,0.6258217852145745,0.6042780748663101,0.9173678594930966,0.9732620320855615,0.9552131051182285,0.6042780748663101,0.8629782965646344,0.5935828877005348,0.8743826628077103,0.983957219251337,0.9850976558756445,1.0,
229,V,0.6310160427807486,0.6841789175755019,0.2887700534759358,0.6378331065238085,1.0,0.9245395127748068,1.0,0.9576057858790306,1.0,0.8719580370434259,0.9572192513368984,0.8744433583143262,0.9679144385026738,0.9839540247509887,1.0,
230,S,0.7967914438502673,0.685373660705729,0.7967914438502673,0.6390278496540357,0.8288770053475936,0.9245395127748068,1.0,0.9576057858790306,0.8770053475935828,0.873152780173653,0.8770053475935828,0.8744433583143262,1.0,0.9839540247509887,1.0,
231,N,0.5080213903743316,0.7427213309566252,0.5080213903743316,0.6963755199049317,0.893048128342246,0.9245395127748068,1.0,0.9964349376114081,0.893048128342246,0.9269162210338683,0.8716577540106952,0.9090909090909093,1.0,0.984551396316102,1.0,
232,I,0.5935828877005348,0.7433155080213903,0.5935828877005348,0.6969696969696969,1.0,0.922756981580511,1.0,0.9958407605466427,1.0,0.9263220439691029,0.983957219251337,0.9067142008318478,0.9946524064171123,0.9839572192513368,1.0,
233,C,0.893048128342246,0.8205585264408793,0.893048128342246,0.7825311942959002,0.9946524064171123,0.9667260843731432,0.9946524064171123,0.9988116458704693,0.9679144385026738,0.970291146761735,0.8983957219251337,0.9518716577540106,0.9144385026737968,0.9857397504456328,1.0,
234,P,1.0,0.8449197860962567,1.0,0.8449197860962567,1.0,0.9584076054664291,1.0,0.9904931669637551,1.0,0.962566844919786,1.0,0.952465834818776,1.0,0.9833630421865718,1.0,
235,G,1.0,0.8663101604278076,1.0,0.8663101604278076,1.0,0.9774212715389186,1.0,0.9904931669637551,1.0,0.9762329174093879,1.0,0.966131907308378,1.0,0.9833630421865718,1.0,
236,P,0.9786096256684492,0.8556149732620323,0.9786096256684492,0.8556149732620323,0.983957219251337,0.9887106357694593,0.9946524064171123,0.9685086155674392,0.9946524064171123,0.9875222816399288,0.9786096256684492,0.9286987522281641,0.9946524064171123,0.9815805109922757,1.0,
237,V,0.983957219251337,0.8978015448603683,0.983957219251337,0.8978015448603683,1.0,0.9887106357694593,1.0,0.968508615567439,1.0,0.9875222816399288,1.0,0.9298871063576946,1.0,0.9815805109922757,1.0,
238,Q,0.8502673796791443,0.8799762329174095,0.8502673796791443,0.8799762329174095,0.9251336898395722,0.9887106357694593,0.9251336898395722,0.9685086155674392,0.93048128342246,0.988116458704694,0.9625668449197861,0.93048128342246,0.946524064171123,0.9857397504456328,1.0,
239,S,0.9893048128342246,0.8068924539512774,0.9893048128342246,0.7783719548425432,1.0,0.9869281045751634,1.0,0.9073083778966132,1.0,0.9839572192513368,1.0,0.8728461081402258,1.0,0.9738562091503269,1.0,
240,N,0.4117647058823529,0.8057040998217468,0.4117647058823529,0.7771836007130125,0.9946524064171123,0.9869281045751634,0.8021390374331551,0.9067142008318478,0.9946524064171123,0.9839572192513368,0.5347593582887701,0.8722519310754604,0.983957219251337,0.9738562091503269,1.0,
241,I,0.9732620320855615,0.7658942364824717,0.9732620320855615,0.6886512180629827,1.0,0.9685086155674392,1.0,0.9073083778966132,1.0,0.9619726678550209,0.9946524064171123,0.8532382650029708,0.9946524064171123,0.9720736779560308,1.0,
242,V,0.732620320855615,0.7225193107546048,0.732620320855615,0.6232917409387997,0.9946524064171123,0.9685086155674392,0.9946524064171123,0.9073083778966132,0.9732620320855615,0.9619726678550209,0.9037433155080213,0.8080808080808081,0.9518716577540107,0.9269162210338681,1.0,
243,E,0.3422459893048128,0.7219251336898395,0.0855614973262032,0.5377302436125965,0.983957219251337,0.9649435531788474,0.44919786096256686,0.915032679738562,0.9625668449197861,0.9572192513368984,0.48128342245989303,0.809863339275104,0.893048128342246,0.9328579916815212,1.0,
244,N,0.9893048128342246,0.6993464052287581,0.9893048128342246,0.4420677361853832,1.0,0.9613784907902555,0.9946524064171123,0.8918597742127152,1.0,0.9393939393939392,0.9946524064171123,0.7866904337492573,1.0,0.9328579916815212,1.0,
245,S,0.6203208556149733,0.7391562685680333,0.18181818181818182,0.48187759952465836,0.8181818181818182,0.9613784907902555,1.0,0.9013666072489603,0.7967914438502673,0.9393939393939394,0.8074866310160428,0.8169934640522876,0.9786096256684492,0.9334521687462866,1.0,
246,L,0.5935828877005348,0.680926916221034,0.39572192513368987,0.423648247177659,1.0,0.9584076054664289,1.0,0.9013666072489603,1.0,0.9370172311348782,0.5935828877005348,0.8104575163398693,0.5935828877005348,0.932857991681521,1.0,
247,A,0.8449197860962567,0.6449248972968138,0.08021390374331551,0.38764622825343886,0.893048128342246,0.9494438374893783,0.9946524064171123,0.8941949539672501,0.8877005347593583,0.9214695979401861,0.9786096256684492,0.8139842447242827,1.0,0.9370108421341818,1.0,
248,G,0.786096256684492,0.7102843744209967,0.12834224598930483,0.4815262044863563,0.9679144385026738,0.950632191618909,0.7914438502673797,0.9488592439256576,0.839572192513369,0.9244404832640127,0.7914438502673797,0.8656776493588638,1.0,0.9488943834294877,1.0,
249,E,0.7700534759358288,0.6362039113462263,0.7700534759358288,0.3966930532395428,0.9946524064171123,0.9303215584050499,0.8877005347593583,0.9434797053392879,0.9946524064171123,0.8688849277084572,0.8074866310160428,0.8519349088609052,0.9893048128342246,0.9476996402992608,1.0,
250,V,0.44919786096256686,0.6125692269059153,0.44919786096256686,0.3952108398008076,0.9732620320855615,0.9263689892350896,1.0,0.9386487874648917,0.9786096256684492,0.8703283904690555,0.9358288770053476,0.8431320464774801,0.9893048128342246,0.9488686190897231,1.0,
251,T,0.40860215053763443,0.5810358625720394,0.40860215053763443,0.3856620268632479,0.9139784946236559,0.8919486993800169,0.9301075268817204,0.9181173864987081,0.8333333333333334,0.8359081006139829,0.9354838709677419,0.8623233198247636,0.989247311827957,0.9916106170746877,0.9946524064171123,
252,K,0.93048128342246,0.5256174248006605,0.93048128342246,0.4152109093533069,0.9946524064171123,0.8855172223603045,0.9411764705882353,0.9119960568479668,0.9893048128342246,0.8270182976065329,0.946524064171123,0.8433325067163034,1.0,0.9885581140221846,1.0,
253,T,0.3225806451612903,0.45975897025192325,0.22580645161290322,0.4169113718922485,0.8172043010752689,0.8442695161792216,0.946236559139785,0.9192082502805046,0.5,0.7895949907649614,0.8709677419354839,0.8345839880555326,0.989247311827957,0.987330366938084,0.9946524064171123,
254,I,0.4076086956521739,0.45191453424933875,0.16847826086956522,0.4090669358896639,0.782608695652174,0.8242200988299008,0.9565217391304348,0.9274358168494405,0.8097826086956522,0.7792602060810929,0.7282608695652174,0.8438310715552679,0.9891304347826086,0.9885187210676146,0.983957219251337,
255,G,0.30978260869565216,0.47343223223762493,0.30978260869565216,0.4305846338779501,0.6902173913043478,0.8204754774382207,0.8152173913043478,0.8883637777774015,0.6902173913043478,0.7761424088456487,0.7663043478260869,0.8393616847329399,0.9782608695652174,0.9842125697026396,0.983957219251337,
256,N,0.34615384615384615,0.5298321174354917,0.34615384615384615,0.4869845190758169,0.8351648351648352,0.828171225087113,0.9395604395604396,0.891163748409414,0.8076923076923077,0.7921779975069356,0.8076923076923077,0.8415642837998389,0.9725274725274725,0.9847865803685588,0.9732620320855615,
257,N,0.19337016574585636,0.48410296582398715,0.143646408839779,0.44125536746431243,0.5966850828729282,0.8173539907404669,0.856353591160221,0.872474470896607,0.5027624309392266,0.7777507360208505,0.712707182320442,0.8054640124054501,0.988950276243094,0.9817835773655559,0.9679144385026738,
258,G,0.6994535519125683,0.5181531450354567,0.6994535519125683,0.486058234847825,0.8142076502732241,0.8066013025684239,0.9617486338797814,0.8420085210758184,0.9016393442622951,0.8291246906206116,0.8907103825136612,0.7785822919753422,1.0,0.9722256323237397,0.9786096256684492,
259,D,0.6428571428571429,0.5774033138578556,0.6428571428571429,0.5718784519794026,0.9395604395604396,0.8301585203752911,0.6483516483516484,0.8438525811246471,0.9505494505494505,0.8490652131908676,0.8956043956043956,0.8063860424298642,0.9505494505494505,0.9734333617923387,0.9732620320855615,
260,Q,0.9162011173184358,0.6523020204185538,0.9162011173184358,0.6467771585401008,0.9832402234636871,0.8645788102303634,0.9553072625698324,0.8643839820908307,0.9776536312849162,0.8834855030459401,0.9553072625698324,0.830560111309403,0.994413407821229,0.9758488207295368,0.9572192513368984,
261,S,0.518918918918919,0.6514748905591659,0.518918918918919,0.6220551660761727,0.8972972972972973,0.8404804474223233,0.772972972972973,0.8675152594156564,0.8594594594594595,0.8737897030275596,0.6216216216216216,0.8423696876351082,0.972972972972973,0.9789013237820399,0.9893048128342246,
262,H,0.6290322580645161,0.7345293404822666,0.6290322580645161,0.7106344778777266,0.7204301075268817,0.8793195003408629,0.6720430107526881,0.8834759715089653,0.9623655913978495,0.9224672345958415,0.6290322580645161,0.8736937402566123,0.9032258064516129,0.9801290708661407,0.9946524064171123,
263,K,0.9408602150537635,0.738054812014084,0.9408602150537635,0.7141599494095439,0.9946236559139785,0.8993657231898357,0.9731182795698925,0.8632338891304471,0.989247311827957,0.9304093385189078,0.978494623655914,0.8738895997861577,1.0,0.9777395846056867,0.9946524064171123,
264,M,0.9838709677419355,0.7771399801315102,0.9838709677419355,0.7532451175269702,1.0,0.9060812299053423,1.0,0.9017085566373727,1.0,0.9359038440134133,0.9838709677419355,0.8848917398205557,1.0,0.9832340901001921,0.9946524064171123,
265,T,0.3387096774193548,0.7864509670961285,0.12365591397849462,0.7625561044915883,0.6182795698924731,0.907943427298266,0.967741935483871,0.9066744163518357,0.7204301075268817,0.9383867738706448,0.9139784946236559,0.8898575995350188,1.0,0.9838548225645,0.9946524064171123,
266,T,0.9408602150537635,0.8249701314217442,0.9408602150537635,0.8010752688172043,0.946236559139785,0.9187574671445637,1.0,0.9318996415770608,0.9408602150537635,0.9534050179211468,0.9946236559139785,0.9169653524492234,1.0,0.9862604540023896,0.9946524064171123,
267,S,0.7311827956989247,0.8345280764635602,0.7311827956989247,0.8106332138590202,0.9946236559139785,0.947431302270012,0.7795698924731183,0.9516129032258065,0.9731182795698925,0.9551971326164875,0.8924731182795699,0.9277180406212664,0.978494623655914,0.980884109916368,0.9946524064171123,
268,R,0.9946236559139785,0.8399044205495819,0.9946236559139785,0.8160095579450417,1.0,0.9474313022700118,0.9946236559139785,0.954599761051374,1.0,0.955794504181601,0.9946236559139785,0.9289127837514933,1.0,0.9802867383512545,0.9946524064171123,
269,C,1.0,0.8046594982078853,1.0,0.7807646356033452,1.0,0.9324970131421743,1.0,0.954599761051374,1.0,0.9414575866188769,1.0,0.8942652329749105,1.0,0.9796893667861409,0.9946524064171123,
270,V,0.8655913978494624,0.8745519713261649,0.8655913978494624,0.8745519713261649,0.9946236559139785,0.9749103942652328,1.0,0.958183990442055,0.9946236559139785,0.9725209080047789,0.8655913978494624,0.9020310633213858,0.9946236559139785,0.9796893667861409,0.9946524064171123,
271,R,0.7150537634408602,0.8369175627240144,0.7150537634408602,0.8100358422939069,0.978494623655914,0.980884109916368,0.8494623655913979,0.958183990442055,0.978494623655914,0.978494623655914,0.7258064516129032,0.8990442054958182,0.8548387096774194,0.9796893667861409,0.9946524064171123,
272,L,0.989247311827957,0.8064516129032259,0.989247311827957,0.7795698924731184,0.9946236559139785,0.9707287933094384,1.0,0.9820788530465949,0.9946236559139785,0.930704898446834,0.989247311827957,0.9103942652329748,0.9946236559139785,0.9820788530465949,0.9946524064171123,
273,M,0.6666666666666666,0.7538829151732379,0.6666666666666666,0.7270011947431303,0.8655913978494624,0.9671445639187574,1.0,0.9826762246117084,0.8709677419354839,0.9271206690561529,0.6720430107526881,0.8578255675029869,0.9946236559139785,0.9820788530465951,0.9946524064171123,
274,L,0.967741935483871,0.7401433691756272,0.967741935483871,0.7132616487455197,1.0,0.9587813620071685,1.0,0.9826762246117084,1.0,0.9193548387096775,0.9838709677419355,0.8524492234169654,1.0,0.9820788530465951,0.9946524064171123,
275,I,0.6021505376344086,0.7538829151732377,0.3602150537634409,0.7270011947431302,1.0,0.9587813620071685,1.0,0.9826762246117084,0.9946236559139785,0.918757467144564,0.967741935483871,0.8673835125448028,1.0,0.9826762246117084,0.9946524064171123,
276,S,0.45698924731182794,0.7395459976105137,0.45698924731182794,0.7126642771804063,0.9032258064516129,0.9611708482676224,0.9946236559139785,0.9534050179211468,0.543010752688172,0.8930704898446833,0.9946236559139785,0.8888888888888888,1.0,0.997610513739546,0.9946524064171123,
277,M,0.521505376344086,0.6935483870967741,0.521505376344086,0.6666666666666666,0.967741935483871,0.958183990442055,1.0,0.9534050179211468,0.967741935483871,0.890083632019116,0.521505376344086,0.8853046594982079,1.0,0.9982078853046595,0.9946524064171123,
278,A,0.8763440860215054,0.7174432497013142,0.8763440860215054,0.6905615292712066,0.9247311827956989,0.9695340501792116,1.0,0.9408602150537634,0.9301075268817204,0.9002389486260454,0.9516129032258065,0.9109916367980885,1.0,0.997610513739546,0.9946524064171123,
279,N,0.989247311827957,0.7180406212664278,0.989247311827957,0.6911589008363203,0.9946236559139785,0.968936678614098,1.0,0.9396654719235364,0.989247311827957,0.8996415770609318,1.0,0.9103942652329748,1.0,0.997610513739546,0.9946524064171123,
280,D,0.5860215053763441,0.7013142174432497,0.5860215053763441,0.7013142174432497,1.0,0.9671445639187576,0.5860215053763441,0.9396654719235364,0.7473118279569892,0.8978494623655914,0.9193548387096774,0.8542413381123057,0.989247311827957,0.997610513739546,0.9946524064171123,
281,L,0.5752688172043011,0.7616487455197132,0.5752688172043011,0.7616487455197132,0.967741935483871,0.9778972520908007,1.0,0.9402628434886497,0.967741935483871,0.9486260454002389,0.956989247311828,0.8548387096774194,1.0,0.997610513739546,0.9946524064171123,
282,K,0.8817204301075269,0.8112305854241337,0.8817204301075269,0.8112305854241337,0.967741935483871,0.980884109916368,0.8870967741935484,0.9396654719235364,0.9623655913978495,0.9510155316606929,0.9032258064516129,0.9074074074074073,0.989247311827957,0.997610513739546,0.9946524064171123,
283,E,0.9731182795698925,0.7688172043010754,0.9731182795698925,0.7616487455197132,0.9946236559139785,0.9336917562724013,0.989247311827957,0.9396654719235364,0.9946236559139785,0.9086021505376345,0.978494623655914,0.9127837514934289,1.0,0.997610513739546,0.9946524064171123,
284,V,0.45161290322580644,0.7037037037037037,0.45161290322580644,0.6684587813620071,0.9838709677419355,0.9324970131421745,1.0,0.890083632019116,0.978494623655914,0.9080047789725209,0.46236559139784944,0.8626045400238949,1.0,0.995221027479092,0.9946524064171123,
285,W,1.0,0.7240143369175627,1.0,0.6887694145758662,1.0,0.9318996415770608,1.0,0.9121863799283153,1.0,0.935483870967742,1.0,0.8697729988052569,1.0,0.9725209080047789,0.9946524064171123,
286,I,0.967741935483871,0.7706060899609288,0.967741935483871,0.7353611676192321,0.9946236559139785,0.935483870967742,0.9946236559139785,0.9121863799283155,0.989247311827957,0.9384674997578224,0.9946236559139785,0.8745519713261649,1.0,0.9725209080047791,0.9946524064171123,
287,S,0.4946236559139785,0.7496980851819561,0.43010752688172044,0.7144531628402597,0.5,0.9354838709677418,1.0,0.9235364396654719,0.5483870967741935,0.9235332106299848,1.0,0.870967741935484,1.0,0.9575866188769415,0.9946524064171123,
288,E,0.4032258064516129,0.7508928283121832,0.15053763440860216,0.7156479059704866,0.9838709677419355,0.9342891278375149,0.553763440860215,0.9241338112305856,0.9838709677419355,0.9229358390648714,0.5483870967741935,0.8715651135005975,0.978494623655914,0.9575866188769413,0.9946524064171123,
289,Q,0.7688172043010753,0.7694113468307018,0.7688172043010753,0.7341664244890052,0.9946236559139785,0.9271206690561529,0.7849462365591398,0.9241338112305854,0.9946236559139785,0.9175594949788499,0.9838709677419355,0.894862604540024,0.7849462365591398,0.9516129032258065,0.9946524064171123,
290,P,0.9945945945945946,0.6935451580612872,0.9945945945945946,0.652923891633569,1.0,0.9169653524492234,1.0,0.9193548387096774,0.9945945945945946,0.9109884077626013,1.0,0.84468339307049,1.0,0.9145758661887693,0.9893048128342246,
291,F,0.6935483870967742,0.6152894830314186,0.6935483870967742,0.56092867060609,0.967741935483871,0.8972520908004777,0.989247311827957,0.918757467144564,0.8279569892473119,0.8697697697697698,0.8709677419354839,0.7980884109916367,0.8548387096774194,0.8769414575866189,0.9946524064171123,
292,L,0.9838709677419355,0.6708450385869741,0.9838709677419355,0.6236526849430075,0.9838709677419355,0.9528076463560333,0.9946236559139785,0.918757467144564,0.989247311827957,0.9193516096741904,0.9838709677419355,0.7974910394265233,1.0,0.8763440860215055,0.9946524064171123,
293,L,0.6182795698924731,0.6893635571054928,0.6182795698924731,0.6702476670218606,0.9193548387096774,0.9516129032258065,1.0,0.9683393070489844,0.9301075268817204,0.9175594949788497,0.6720430107526881,0.8219832735961767,0.946236559139785,0.8787335722819594,0.9946524064171123,
294,V,0.3172043010752688,0.7102715618844653,0.26881720430107525,0.691155671800833,0.9086021505376344,0.9486260454002391,0.956989247311828,0.9916367980884111,0.9408602150537635,0.9169621234137364,0.5483870967741935,0.8195937873357226,0.6666666666666666,0.8978494623655914,0.9946524064171123,
295,T,0.26344086021505375,0.7096774193548387,0.13978494623655913,0.6905615292712066,0.8172043010752689,0.9480286738351256,0.989247311827957,0.9910394265232974,0.6182795698924731,0.9169653524492234,0.5752688172043011,0.8183990442054957,0.6612903225806451,0.8978494623655914,0.9946524064171123,
296,Y,0.9946236559139785,0.7431269979657077,0.9946236559139785,0.7240111078820757,1.0,0.9510123026252059,1.0,0.9922341696535244,0.9946236559139785,0.9360812425328553,0.9946236559139785,0.8321353611676192,0.9946236559139785,0.9133778940230552,0.9946524064171123,
297,L,0.5698924731182796,0.6774161258032225,0.5698924731182796,0.6559107494591365,0.9731182795698925,0.9366753850624819,1.0,0.9922341696535244,0.967741935483871,0.9205495818399044,0.7688172043010753,0.7825535212631985,1.0,0.9121831508928283,0.9946524064171123,
298,W,0.956989247311828,0.7180373922309408,0.956989247311828,0.6965320158868545,0.967741935483871,0.9444412154089572,0.9946236559139785,0.9916367980884109,0.989247311827957,0.9277180406212664,0.9623655913978495,0.8172010720397817,0.956989247311828,0.9163647518486228,0.9946524064171123,
299,Q,0.989247311827957,0.7831508928283122,0.989247311827957,0.7670218605702478,0.9946236559139785,0.9492201879298653,0.9946236559139785,0.9964157706093189,0.9946236559139785,0.9277180406212664,0.989247311827957,0.8620039394232943,1.0,0.9522070457554328,0.9946524064171123,
300,Y,0.9945945945945946,0.8112273563886467,0.9945945945945946,0.8088378701281927,0.9945945945945946,0.9629597339274759,1.0,0.9916367980884111,1.0,0.9623655913978495,0.9945945945945946,0.8829119442022668,0.9945945945945946,0.9575833898414543,0.9893048128342246,
301,M,0.3924731182795699,0.8010720397817174,0.3709677419354839,0.7986825535212634,0.8548387096774194,0.9545965320158868,0.9946236559139785,0.9868578255675031,0.8494623655913979,0.9545997610513738,0.5376344086021505,0.8817172010720399,0.989247311827957,0.9581807614065679,0.9946524064171123,
302,P,0.9838709677419355,0.8345248474280733,0.9838709677419355,0.8321353611676193,0.989247311827957,0.952207045755433,0.9946236559139785,0.9844683393070489,0.9946236559139785,0.9528076463560335,0.9838709677419355,0.8972488617649907,0.9838709677419355,0.9444412154089574,0.9946524064171123,
303,T,0.9032258064516129,0.7897219800445607,0.9032258064516129,0.7873324937841067,0.9516129032258065,0.9444412154089574,1.0,0.983273596176822,0.9408602150537635,0.9384707287933094,0.9516129032258065,0.8781329716813587,0.989247311827957,0.9229358390648712,0.9946524064171123,
304,W,0.5161290322580645,0.7258032225774161,0.5161290322580645,0.7204268784913945,0.9408602150537635,0.9432464722787304,0.946236559139785,0.983273596176822,0.9301075268817204,0.9372759856630825,0.7634408602150538,0.8697697697697698,0.7096774193548387,0.9211437243695308,0.9946524064171123,
305,A,0.9032258064516129,0.6947431302270012,0.9032258064516129,0.6893667861409797,0.9247311827956989,0.9253285543608124,0.956989247311828,0.983273596176822,0.9247311827956989,0.9181600955794504,0.9838709677419355,0.8530465949820788,1.0,0.9211469534050178,0.9946524064171123,
306,W,0.8709677419354839,0.7108721624850658,0.8709677419354839,0.7078853046594982,0.9516129032258065,0.9336917562724013,0.978494623655914,0.9623655913978495,0.9516129032258065,0.9265232974910393,0.9086021505376344,0.8954599761051374,0.8763440860215054,0.9211469534050178,0.9946524064171123,
307,W,0.553763440860215,0.648400012916142,0.553763440860215,0.6454131550905744,0.8978494623655914,0.8952468597629887,0.9838709677419355,0.9137137137137137,0.8602150537634409,0.8868804288159127,0.7903225806451613,0.8606154541638413,0.7634408602150538,0.9199360650973554,0.9946524064171123,
308,I,0.41397849462365593,0.6098393427860628,0.3870967741935484,0.5706477408905826,0.9838709677419355,0.8943810065955771,0.9946236559139785,0.912465274263027,0.9838709677419355,0.8859608793280414,0.9139784946236559,0.8266659555532335,0.9838709677419355,0.9167612701501793,0.9946524064171123,
309,T,0.7150537634408602,0.6458982659417599,0.7150537634408602,0.6067066640462798,0.8333333333333334,0.8881315809913127,1.0,0.9166074880826601,0.8279569892473119,0.8882322041800115,0.8440860215053764,0.844403295871219,0.9946236559139785,0.9441353297823033,0.9946524064171123,
310,N,0.5376344086021505,0.6070691142093824,0.5376344086021505,0.5678775123139023,0.9301075268817204,0.8929105535122209,0.8064516129032258,0.9100364008664117,0.9247311827956989,0.8936085482660329,0.9193548387096774,0.83604009395963,0.989247311827957,0.9435379582171897,0.9946524064171123,
311,K,0.42162162162162165,0.5895741999402746,0.42162162162162165,0.5503825980447945,0.6432432432432432,0.892881492192837,0.5567567567567567,0.8992126739136526,0.6378378378378379,0.8935794869466491,0.6702702702702703,0.8341833985545475,0.972972972972973,0.956076303013599,0.9893048128342246,
312,M,0.5561797752808989,0.6230270075866305,0.2303370786516854,0.5838354056911506,0.9438202247191011,0.8958683500184043,0.9887640449438202,0.8848757563509284,0.9325842696629213,0.89716371633733,0.6460674157303371,0.844338715161477,0.9606741573033708,0.9793737940530257,0.9518716577540107,
313,G,0.8406593406593407,0.6373639251493546,0.8406593406593407,0.601159181079442,0.8846153846153846,0.8922841206277234,0.9835164835164835,0.8824862700904745,0.9505494505494505,0.8935794869466489,0.9230769230769231,0.8485203161172716,0.9560439560439561,0.9811659087483662,0.9732620320855615,
314,K,0.553763440860215,0.6078243804295442,0.553763440860215,0.5597360950643256,0.967741935483871,0.9084259308871806,0.8978494623655914,0.826039448937771,0.9731182795698925,0.9109128458359853,0.9086021505376344,0.8438595401092468,0.9946236559139785,0.9805749261839493,0.9946524064171123,
315,K,0.7135135135135136,0.6449380854749382,0.7135135135135136,0.5968498001097194,0.9513513513513514,0.9102499905860033,0.8810810810810811,0.8445739399580305,0.9513513513513514,0.9121459229703905,0.8918918918918919,0.8450958117440006,0.9891891891891892,0.9805813151846454,0.9893048128342246,
316,R,0.8548387096774194,0.6949421001848353,0.8548387096774194,0.6468538148196167,0.9247311827956989,0.9469187449018164,0.8548387096774194,0.8938231892072798,0.8924731182795699,0.9488211008220391,0.8817204301075269,0.8698489070853311,0.9731182795698925,0.9711065998275773,0.9946524064171123,
317,I,0.543010752688172,0.725736939968439,0.543010752688172,0.7138533986731331,0.9516129032258065,0.9519661990250226,0.9731182795698925,0.8867084267463775,0.9516129032258065,0.9539222512657047,0.9516129032258065,0.9008115478703712,1.0,0.9754761379049803,0.9946524064171123,
318,E,0.44919786096256686,0.6744548886863877,0.3422459893048128,0.6625713473910816,0.9786096256684492,0.9171676642264879,0.4919786096256685,0.881213921251872,0.983957219251337,0.9117977091411628,0.8021390374331551,0.8940960411548647,0.9893048128342246,0.9797496421784848,1.0,
319,N,0.8716577540106952,0.7128635442332665,0.8716577540106952,0.7009800029379604,0.946524064171123,0.9188896962242451,0.9732620320855615,0.8913225160604128,0.9358288770053476,0.9054735800021118,0.93048128342246,0.9023891603688704,0.9893048128342246,0.9791055488149826,1.0,
320,F,0.8716577540106952,0.6785280851787063,0.8716577540106952,0.6666445438834002,0.9732620320855615,0.9161802452001874,1.0,0.8970450925695059,0.9679144385026738,0.9027641289780541,0.893048128342246,0.8987956792472995,0.8877005347593583,0.9803067500161836,1.0,
321,K,0.8333333333333334,0.6764524721134814,0.8333333333333334,0.6645689308181754,0.989247311827957,0.9144995048644442,0.9247311827956989,0.8962249722851977,0.978494623655914,0.9052953644234503,0.9247311827956989,0.8968719403087984,1.0,0.9814103686703763,0.9946524064171123,
322,S,0.3791208791208791,0.7008637067488821,0.3791208791208791,0.6889801654535762,0.5714285714285714,0.9022989500176346,0.9340659340659341,0.8910511270348079,0.5714285714285714,0.8974890343098484,0.8626373626373627,0.8890656101951967,0.9945054945054945,0.9795271294990017,0.9732620320855615,
323,G,0.8994413407821229,0.7419760599250439,0.8994413407821229,0.7419760599250439,0.9832402234636871,0.8971427015911968,0.9888268156424581,0.9286655564737638,0.9162011173184358,0.8885998768663541,0.9832402234636871,0.9028894585155555,0.9888268156424581,0.9800877372380739,0.9572192513368984,
324,V,0.4044943820224719,0.7076251983683001,0.4044943820224719,0.7076251983683001,0.9269662921348315,0.8677309368853144,0.9325842696629213,0.9272172498783985,0.9269662921348315,0.8616390925526285,0.8595505617977528,0.8815733563171002,1.0,0.9749629600544731,0.9518716577540107,
325,D,0.8361581920903954,0.6543090996445645,0.8361581920903954,0.6543090996445645,0.9096045197740112,0.820669333580161,0.847457627118644,0.9239683869804125,0.9152542372881356,0.8132223485734491,0.864406779661017,0.8798116734408663,0.9830508474576272,0.9815927251981703,0.946524064171123,
326,A,0.7627118644067796,0.6487006340360989,0.7627118644067796,0.6487006340360989,0.8418079096045198,0.809800584646896,0.9265536723163842,0.9259823825427953,0.8813559322033898,0.8041832634053316,0.8813559322033898,0.8710320182095982,0.9830508474576272,0.9650847886902336,0.946524064171123,
327,D,0.8192090395480226,0.6865218913695513,0.8192090395480226,0.6865218913695513,0.9322033898305084,0.8452245103147241,0.8305084745762712,0.9299208559934637,0.903954802259887,0.8348646416476855,0.9265536723163842,0.8605492760195389,0.9943502824858758,0.941982552173363,0.946524064171123,
328,S,0.5625,0.624059309783635,0.5625,0.6201145366080927,0.6818181818181818,0.8391971613565629,0.9602272727272727,0.8818526562277995,0.6931818181818182,0.8343136956734477,0.7386363636363636,0.8058697245630213,0.9431818181818182,0.9386217817305127,0.9411764705882353,
329,S,0.391812865497076,0.6128233547274553,0.391812865497076,0.6088785815519128,0.5497076023391813,0.7986228792092471,0.9707602339181286,0.8781073378757396,0.5321637426900585,0.7999816107795651,0.8771929824561403,0.7627985635143323,0.9473684210526315,0.927385826674333,0.9144385026737968,
330,Y,0.7828571428571428,0.549879435756113,0.7828571428571428,0.537195586425764,0.8914285714285715,0.7886917902455929,0.9428571428571428,0.8925596115167392,0.8971428571428571,0.7931680937775125,0.8457142857142858,0.7229331410551181,0.8514285714285714,0.8780830483675555,0.9358288770053476,
331,F,0.7195121951219512,0.5577262656368411,0.7195121951219512,0.5450424163064922,0.8902439024390244,0.7973523654472855,0.9695121951219512,0.8842594092429021,0.8475609756097561,0.8001779284709631,0.7682926829268293,0.72102665201743,0.7865853658536586,0.8785945454264472,0.8770053475935828,
332,K,0.33727810650887574,0.4978683506735107,0.30177514792899407,0.4811194606927553,0.9289940828402367,0.7865926392059552,0.5562130177514792,0.8732815028536689,0.9112426035502958,0.76071411575374,0.4911242603550296,0.698022043440271,0.9585798816568047,0.8785447850418379,0.9037433155080213,
333,I,0.30337078651685395,0.5236399556117823,0.30337078651685395,0.5068910656310268,0.5617977528089888,0.8065140757940585,0.898876404494382,0.8579476083531076,0.6179775280898876,0.7787556421285996,0.47191011235955055,0.7165686203201811,0.898876404494382,0.8749813731450926,0.47593582887700536,
334,F,0.2696629213483146,0.5185436312172124,0.19101123595505617,0.4837767232184389,0.8202247191011236,0.8373273452038192,0.9775280898876404,0.8209562310108531,0.8539325842696629,0.8145212322801547,0.5056179775280899,0.6773609916388682,0.5393258426966292,0.8538022993344399,0.47593582887700536,
335,K,0.8333333333333334,0.46780430518376864,0.8333333333333334,0.4253130953430463,0.9197530864197531,0.8297829941300562,0.8518518518518519,0.7833363345674272,0.9444444444444444,0.8087186688305323,0.8641975308641975,0.6612299331548686,0.9876543209876543,0.8608034028061315,0.8663101604278075,
336,T,0.2804878048780488,0.4363408189414958,0.24390243902439024,0.3885382078706832,0.8353658536585366,0.8222253805914354,0.7317073170731707,0.7600643519981117,0.5487804878048781,0.8038633804831293,0.7195121951219512,0.6478470894333733,0.9939024390243902,0.8700806574251907,0.8770053475935828,
337,K,0.7944444444444444,0.45049263500329867,0.7944444444444444,0.40093293071949593,0.8611111111111112,0.8069727088416065,0.8222222222222222,0.7891859711762022,0.8555555555555555,0.7885234914735342,0.9055555555555556,0.6702360650159939,0.9111111111111111,0.8574379111063887,0.9625668449197861,
338,H,0.34594594594594597,0.4750129430843728,0.1837837837837838,0.41719328808660294,0.827027027027027,0.8478352015137095,0.6378378378378379,0.7709042322898388,0.8540540540540541,0.816947818704142,0.5243243243243243,0.7032903904587345,0.7567567567567568,0.8505314955417229,0.9893048128342246,
339,D,0.32620320855614976,0.5160829474315844,0.25668449197860965,0.46242969851291227,0.8235294117647058,0.8533572979962267,0.6042780748663101,0.7295794607702785,0.8449197860962567,0.8095508655910377,0.7005347593582888,0.7428248730448634,0.9144385026737968,0.9127726261107417,1.0,
