alignment_position,reference_ungapped_position,reference_residue,hydrophobicity_conservation,charge_conservation,polarity_conservation,size_conservation,aromaticity_conservation
1,1,M,0.9726775956284153,0.994535519125683,0.9890710382513661,0.9617486338797814,1.0
2,2,N,0.9230769230769231,0.554945054945055,0.9010989010989011,0.8186813186813187,1.0
3,3,W,0.8633879781420765,0.9781420765027322,0.7431693989071039,0.546448087431694,0.5355191256830601
4,4,E,0.580110497237569,0.574585635359116,0.7624309392265194,0.5248618784530387,0.9502762430939227
5,5,L,0.9060773480662984,0.988950276243094,0.8729281767955801,0.7513812154696132,0.9116022099447514
6,6,L,0.8658536585365854,0.975609756097561,0.8658536585365854,0.75,0.975609756097561
7,7,L,0.68125,0.98125,0.55,0.50625,0.91875
8,8,W,0.9142857142857143,0.9942857142857143,0.92,0.44,0.5657142857142857
9,9,L,0.9714285714285714,1.0,0.9714285714285714,0.9371428571428572,0.9942857142857143
10,10,L,0.8994413407821229,1.0,0.8659217877094972,0.5977653631284916,0.7932960893854749
11,11,V,0.8651685393258427,0.9887640449438202,0.7247191011235955,0.6966292134831461,0.8314606741573034
12,12,L,0.9770114942528736,1.0,0.9885057471264368,0.9195402298850575,1.0
13,13,C,0.797752808988764,0.9943820224719101,0.5393258426966292,0.651685393258427,0.8202247191011236
14,14,A,0.9162011173184358,0.9832402234636871,0.88268156424581,0.6089385474860335,0.994413407821229
15,15,L,0.7921348314606742,1.0,0.9887640449438202,0.601123595505618,1.0
16,16,L,0.9943502824858758,1.0,0.9887005649717514,0.8870056497175142,0.9265536723163842
17,17,L,0.9714285714285714,1.0,0.5428571428571428,0.3657142857142857,0.6628571428571428
18,18,L,0.9044943820224719,0.9943820224719101,0.9775280898876404,0.8314606741573034,0.9438202247191011
19,19,L,0.9555555555555556,0.9944444444444445,0.9666666666666667,0.8666666666666667,0.9777777777777777
20,20,V,0.9277777777777778,0.9944444444444445,0.9555555555555556,0.8833333333333333,0.9722222222222222
21,21,Q,0.9065934065934066,0.7472527472527473,0.9065934065934066,0.8241758241758241,0.7637362637362637
22,22,L,0.9723756906077348,0.9834254143646409,0.9613259668508287,0.7955801104972375,0.8397790055248618
23,23,L,0.9378531073446328,0.9830508474576272,0.9830508474576272,0.8983050847457628,0.9661016949152542
24,24,R,0.6741573033707865,0.5730337078651685,0.8932584269662921,0.6067415730337079,0.9662921348314607
25,25,F,0.9725274725274725,1.0,0.9835164835164835,0.9065934065934066,0.9065934065934066
26,26,L,0.9613259668508287,0.988950276243094,0.9779005524861878,0.9226519337016574,0.9779005524861878
27,27,R,0.5966850828729282,0.5524861878453039,0.5966850828729282,0.8839779005524862,0.6629834254143646
28,28,A,0.8895027624309392,0.988950276243094,0.9558011049723757,0.9060773480662984,0.994475138121547
29,29,D,1.0,0.9725274725274725,0.9835164835164835,0.9835164835164835,0.9945054945054945
30,30,G,0.5164835164835165,0.9725274725274725,0.8626373626373627,0.967032967032967,0.9945054945054945
31,31,D,0.9782608695652174,0.9510869565217391,0.9891304347826086,0.9891304347826086,0.9945652173913043
32,32,L,0.9782608695652174,0.9836956521739131,0.9782608695652174,0.7228260869565217,0.7336956521739131
33,33,T,0.9565217391304348,0.9782608695652174,0.9565217391304348,0.967391304347826,1.0
34,34,L,0.9890710382513661,0.994535519125683,0.9890710382513661,0.9890710382513661,1.0
35,35,L,0.9016393442622951,0.9781420765027322,0.8961748633879781,0.907103825136612,0.994535519125683
36,36,W,0.9234972677595629,0.9344262295081968,0.9180327868852459,0.9453551912568307,0.8852459016393442
37,37,A,0.9726775956284153,0.994535519125683,0.9726775956284153,0.9781420765027322,0.9890710382513661
38,38,E,0.8633879781420765,0.5573770491803278,0.8743169398907104,0.5573770491803278,0.994535519125683
39,39,W,0.9005524861878453,0.9226519337016574,0.8950276243093923,0.6408839779005525,0.5580110497237569
40,40,Q,0.569060773480663,0.8895027624309392,0.574585635359116,0.5524861878453039,0.8287292817679558
41,41,G,0.9726775956284153,0.9836065573770492,0.9726775956284153,0.9726775956284153,1.0
42,42,R,0.9402173913043478,0.7880434782608695,0.9510869565217391,0.6141304347826086,0.7880434782608695
43,43,R,0.9726775956284153,0.8797814207650273,0.9781420765027322,0.8743169398907104,0.994535519125683
44,44,P,0.9891304347826086,0.9782608695652174,0.9619565217391305,0.9728260869565217,0.9945652173913043
45,45,E,0.9836065573770492,0.9344262295081968,0.9672131147540983,0.9344262295081968,1.0
46,46,W,0.5698924731182796,0.8172043010752689,0.5645161290322581,0.532258064516129,0.5913978494623656
47,47,E,0.9032258064516129,0.553763440860215,0.9032258064516129,0.6129032258064516,1.0
48,48,L,1.0,1.0,1.0,0.9837837837837838,0.9891891891891892
49,49,T,0.972972972972973,0.5675675675675675,0.8756756756756757,0.5513513513513514,1.0
50,50,D,1.0,0.5567567567567567,0.5405405405405406,0.9783783783783784,1.0
51,51,M,0.7405405405405405,0.772972972972973,0.7405405405405405,0.6594594594594595,0.9945945945945946
52,52,V,1.0,1.0,1.0,1.0,1.0
53,53,V,1.0,1.0,1.0,0.9891891891891892,1.0
54,54,W,1.0,1.0,1.0,1.0,1.0
55,55,V,1.0,1.0,1.0,1.0,1.0
56,56,T,1.0,0.9946236559139785,1.0,0.9946236559139785,1.0
57,57,G,1.0,1.0,0.9946236559139785,1.0,1.0
58,58,A,1.0,1.0,1.0,0.9946236559139785,1.0
59,59,S,0.9946236559139785,1.0,0.9946236559139785,0.9946236559139785,0.9946236559139785
60,60,S,1.0,1.0,0.967741935483871,1.0,1.0
61,61,G,1.0,1.0,0.9946236559139785,1.0,1.0
62,62,I,1.0,1.0,1.0,1.0,1.0
63,63,G,0.9946236559139785,1.0,1.0,1.0,1.0
64,64,E,0.9946236559139785,0.9838709677419355,0.9946236559139785,0.9838709677419355,1.0
65,65,E,0.989247311827957,0.978494623655914,0.989247311827957,0.9838709677419355,0.9946236559139785
66,66,L,0.9946236559139785,1.0,0.9946236559139785,0.989247311827957,1.0
67,67,A,0.946236559139785,1.0,0.9408602150537635,0.9516129032258065,1.0
68,68,Y,0.9731182795698925,0.9731182795698925,0.8655913978494624,0.9086021505376344,0.9247311827956989
69,69,Q,1.0,0.9946236559139785,1.0,0.989247311827957,1.0
70,70,L,0.9946236559139785,0.9946236559139785,0.9946236559139785,0.9946236559139785,1.0
71,71,S,0.5053763440860215,0.9946236559139785,0.5,0.989247311827957,1.0
72,72,K,0.9623655913978495,0.8602150537634409,0.9193548387096774,0.8602150537634409,1.0
73,73,L,0.9838709677419355,0.9946236559139785,0.6774193548387096,0.6666666666666666,0.9838709677419355
74,74,G,0.9946236559139785,0.9731182795698925,0.9731182795698925,0.9731182795698925,1.0
75,75,V,0.6559139784946236,1.0,0.6236559139784946,0.5483870967741935,0.9946236559139785
76,76,S,0.8387096774193549,0.6344086021505376,0.8548387096774194,0.489247311827957,0.9408602150537635
77,77,L,0.9946236559139785,1.0,0.9946236559139785,0.9946236559139785,1.0
78,78,V,1.0,1.0,1.0,0.9193548387096774,1.0
79,79,L,1.0,1.0,1.0,1.0,1.0
80,80,S,0.989247311827957,1.0,0.989247311827957,0.9946236559139785,1.0
81,81,A,0.9354838709677419,0.9946236559139785,0.9354838709677419,1.0,1.0
82,82,R,0.9946236559139785,0.9946236559139785,0.9946236559139785,0.9946236559139785,1.0
83,83,R,1.0,0.9945945945945946,1.0,0.9945945945945946,1.0
84,84,V,0.5459459459459459,0.518918918918919,0.518918918918919,0.8648648648648649,1.0
85,85,H,0.9783783783783784,0.40540540540540543,0.9351351351351351,0.6108108108108108,0.7783783783783784
86,86,E,0.9945945945945946,0.918918918918919,0.9945945945945946,0.9837837837837838,1.0
87,87,L,1.0,1.0,1.0,1.0,1.0
88,88,E,0.9891891891891892,0.6810810810810811,0.9945945945945946,0.7513513513513513,0.9243243243243243
89,89,R,0.9945945945945946,0.9837837837837838,0.9945945945945946,0.9891891891891892,0.9945945945945946
90,90,V,0.9945945945945946,0.9945945945945946,0.9945945945945946,1.0,1.0
91,91,K,1.0,0.9891891891891892,1.0,0.9891891891891892,1.0
92,92,R,0.9623655913978495,0.7956989247311828,0.967741935483871,0.7795698924731183,0.9838709677419355
93,93,R,0.9408602150537635,0.8279569892473119,0.9623655913978495,0.6612903225806451,0.8333333333333334
94,94,C,1.0,1.0,1.0,1.0,1.0
95,95,L,0.9946236559139785,1.0,1.0,0.989247311827957,1.0
96,96,E,0.9945652173913043,0.9293478260869565,0.9782608695652174,0.9456521739130435,1.0
97,97,N,0.745945945945946,0.8486486486486486,0.8054054054054054,0.6432432432432432,0.9567567567567568
98,98,G,0.972972972972973,0.9945945945945946,0.5621621621621622,0.972972972972973,0.972972972972973
99,99,N,0.9567567567567568,0.8432432432432433,0.9459459459459459,0.8810810810810811,0.9783783783783784
100,100,L,0.9945945945945946,1.0,0.9945945945945946,0.9783783783783784,1.0
101,101,K,0.9837837837837838,0.7243243243243244,0.9783783783783784,0.7135135135135136,0.9891891891891892
102,102,E,0.972972972972973,0.7837837837837838,0.8324324324324325,0.5783783783783784,1.0
103,103,K,0.9945945945945946,0.654054054054054,0.972972972972973,0.654054054054054,1.0
104,104,D,1.0,0.9838709677419355,1.0,0.978494623655914,1.0
105,105,I,1.0,1.0,1.0,1.0,1.0
106,106,L,0.978494623655914,0.978494623655914,0.978494623655914,0.956989247311828,0.967741935483871
107,107,V,1.0,1.0,1.0,1.0,1.0
108,108,L,1.0,1.0,1.0,1.0,1.0
109,109,P,1.0,0.9354838709677419,0.9032258064516129,0.9247311827956989,1.0
110,110,L,1.0,1.0,1.0,0.9731182795698925,0.9838709677419355
111,111,D,1.0,1.0,1.0,1.0,1.0
112,112,L,1.0,1.0,1.0,0.989247311827957,1.0
113,113,T,0.5,0.989247311827957,0.5053763440860215,0.5591397849462365,0.9946236559139785
114,114,D,1.0,0.8602150537634409,1.0,0.7096774193548387,1.0
115,115,T,0.946236559139785,0.7688172043010753,0.946236559139785,0.7795698924731183,0.9946236559139785
116,116,G,0.9139784946236559,0.8870967741935484,0.7795698924731183,0.8870967741935484,0.9946236559139785
117,117,S,0.978494623655914,0.9946236559139785,0.978494623655914,0.9838709677419355,0.9946236559139785
118,118,H,0.9946236559139785,0.9946236559139785,0.9946236559139785,0.9946236559139785,1.0
119,119,E,0.9838709677419355,0.8870967741935484,0.956989247311828,0.8763440860215054,1.0
120,120,A,0.6324324324324324,0.7189189189189189,0.6432432432432432,0.4918918918918919,0.9945945945945946
121,121,A,0.6344086021505376,0.6344086021505376,0.6236559139784946,0.6182795698924731,0.9946236559139785
122,122,T,0.8978494623655914,1.0,0.8978494623655914,0.9516129032258065,1.0
123,123,K,0.9731182795698925,0.7849462365591398,0.9731182795698925,0.7849462365591398,1.0
124,124,A,0.553763440860215,0.978494623655914,0.5483870967741935,0.9354838709677419,1.0
125,125,V,1.0,1.0,1.0,0.7903225806451613,1.0
126,126,L,1.0,1.0,1.0,1.0,1.0
127,127,Q,0.9946236559139785,0.7204301075268817,0.9731182795698925,0.7580645161290323,0.989247311827957
128,128,E,0.7795698924731183,0.44623655913978494,1.0,0.7580645161290323,0.521505376344086
129,129,F,1.0,1.0,1.0,1.0,1.0
130,130,G,1.0,0.9838709677419355,0.9731182795698925,0.989247311827957,0.989247311827957
131,131,R,0.989247311827957,0.8333333333333334,1.0,0.6397849462365591,0.7849462365591398
132,132,I,1.0,1.0,1.0,1.0,1.0
133,133,D,1.0,0.989247311827957,1.0,0.9946236559139785,0.9946236559139785
134,134,I,1.0,1.0,1.0,0.989247311827957,1.0
135,135,L,1.0,1.0,1.0,1.0,1.0
136,136,V,1.0,1.0,1.0,1.0,1.0
137,137,N,1.0,1.0,1.0,1.0,1.0
138,138,N,1.0,1.0,1.0,1.0,1.0
139,139,G,0.9408602150537635,1.0,0.967741935483871,1.0,1.0
140,140,G,1.0,1.0,1.0,1.0,1.0
141,141,M,0.7956989247311828,0.7634408602150538,0.7956989247311828,0.7956989247311828,1.0
142,142,S,0.9516129032258065,1.0,0.946236559139785,0.9946236559139785,1.0
143,143,Q,1.0,0.9623655913978495,1.0,0.9838709677419355,0.9623655913978495
144,144,R,0.9516129032258065,0.9408602150537635,0.9838709677419355,0.956989247311828,0.9838709677419355
145,145,S,0.9301075268817204,1.0,0.9408602150537635,1.0,1.0
146,146,L,0.9945945945945946,1.0,0.9945945945945946,0.9513513513513514,0.9621621621621622
147,147,C,0.9891891891891892,1.0,0.5243243243243243,0.5243243243243243,0.6216216216216216
148,148,M,0.9405405405405406,0.972972972972973,0.9405405405405406,0.8324324324324325,1.0
149,149,D,1.0,0.9837837837837838,1.0,0.572972972972973,1.0
150,150,T,0.9135135135135135,1.0,0.9135135135135135,0.9945945945945946,1.0
151,151,S,0.9945945945945946,0.8702702702702703,0.9891891891891892,0.9297297297297298,0.9945945945945946
152,152,L,0.9945945945945946,0.9945945945945946,0.9945945945945946,0.8972972972972973,0.9945945945945946
153,153,D,0.9891891891891892,0.972972972972973,0.9945945945945946,0.8702702702702703,1.0
154,154,V,1.0,1.0,1.0,0.9946236559139785,0.9946236559139785
155,155,Y,0.9946236559139785,0.9946236559139785,0.7688172043010753,0.9193548387096774,0.9193548387096774
156,156,R,0.978494623655914,0.521505376344086,0.9731182795698925,0.521505376344086,1.0
157,157,K,0.521505376344086,0.5698924731182796,0.5483870967741935,0.532258064516129,1.0
158,158,L,1.0,1.0,1.0,1.0,1.0
159,159,I,1.0,1.0,1.0,0.5967741935483871,0.989247311827957
160,160,E,0.9946236559139785,0.956989247311828,0.9946236559139785,0.9139784946236559,1.0
161,161,L,0.9946236559139785,0.9946236559139785,0.9946236559139785,0.9946236559139785,1.0
162,162,N,1.0,0.9946236559139785,1.0,1.0,1.0
163,163,Y,1.0,1.0,0.6397849462365591,0.9838709677419355,0.9838709677419355
164,164,L,1.0,1.0,1.0,0.967741935483871,0.9731182795698925
165,165,G,0.989247311827957,1.0,1.0,1.0,1.0
166,166,T,0.9946236559139785,1.0,0.989247311827957,0.9946236559139785,1.0
167,167,V,1.0,1.0,1.0,0.989247311827957,1.0
168,168,S,1.0,0.9946236559139785,1.0,0.9946236559139785,0.9946236559139785
169,169,L,1.0,1.0,1.0,0.9946236559139785,1.0
170,170,T,0.9946236559139785,1.0,0.9946236559139785,1.0,1.0
171,171,K,0.9623655913978495,0.9516129032258065,0.9623655913978495,0.978494623655914,1.0
172,172,C,0.518918918918919,0.8648648648648649,0.9675675675675676,0.4702702702702703,0.8324324324324325
173,173,V,1.0,1.0,1.0,0.9945945945945946,1.0
174,174,L,1.0,1.0,1.0,1.0,1.0
175,175,P,0.9945945945945946,0.9351351351351351,0.8486486486486486,0.9621621621621622,1.0
176,176,H,0.9513513513513514,0.9405405405405406,0.9945945945945946,0.9351351351351351,0.9783783783783784
177,177,M,1.0,1.0,1.0,0.9891891891891892,0.9891891891891892
178,178,I,0.6918918918918919,1.0,0.6918918918918919,0.6108108108108108,1.0
179,179,E,0.9891891891891892,0.4918918918918919,0.9891891891891892,0.9081081081081082,1.0
180,180,R,1.0,0.9567567567567568,0.9945945945945946,0.9459459459459459,0.9891891891891892
181,181,K,1.0,0.5837837837837838,0.6270270270270271,0.5837837837837838,1.0
182,182,Q,0.9731182795698925,0.7204301075268817,0.967741935483871,0.5053763440860215,0.989247311827957
183,183,G,1.0,1.0,1.0,1.0,1.0
184,184,K,0.9301075268817204,0.6075268817204301,0.9301075268817204,0.6129032258064516,0.989247311827957
185,185,I,1.0,1.0,1.0,1.0,1.0
186,186,V,0.9838709677419355,1.0,0.9838709677419355,0.9301075268817204,0.9946236559139785
187,187,T,0.8924731182795699,1.0,0.8924731182795699,0.9193548387096774,1.0
188,188,V,0.989247311827957,1.0,0.989247311827957,0.8924731182795699,1.0
189,189,N,1.0,0.9946236559139785,1.0,0.9946236559139785,1.0
190,190,S,1.0,1.0,1.0,1.0,1.0
191,191,I,0.9891891891891892,1.0,0.9945945945945946,0.9081081081081082,0.9459459459459459
192,192,L,0.9405405405405406,1.0,0.9567567567567568,0.5459459459459459,0.972972972972973
193,193,G,1.0,1.0,0.9945945945945946,1.0,1.0
194,194,I,0.9891891891891892,0.9945945945945946,0.9891891891891892,0.9297297297297298,0.9351351351351351
195,195,I,0.9513513513513514,1.0,0.9567567567567568,0.43243243243243246,1.0
196,196,S,0.8702702702702703,1.0,0.6972972972972973,1.0,1.0
197,197,V,0.9513513513513514,0.9945945945945946,0.9567567567567568,0.745945945945946,1.0
198,198,P,0.9945945945945946,1.0,0.9567567567567568,1.0,1.0
199,199,L,1.0,1.0,1.0,0.9891891891891892,0.9945945945945946
200,200,S,0.5081081081081081,0.9945945945945946,0.5351351351351351,0.9837837837837838,1.0
201,201,I,0.9027027027027027,1.0,0.8810810810810811,0.9621621621621622,1.0
202,202,G,0.9731182795698925,0.9946236559139785,0.989247311827957,0.9946236559139785,1.0
203,203,Y,1.0,1.0,0.9731182795698925,0.9731182795698925,0.9731182795698925
204,204,C,0.6774193548387096,1.0,0.8763440860215054,0.9731182795698925,1.0
205,205,A,0.9838709677419355,1.0,1.0,1.0,1.0
206,206,S,0.9946236559139785,1.0,0.9946236559139785,1.0,1.0
207,207,K,1.0,1.0,1.0,1.0,1.0
208,208,H,0.9837837837837838,0.9837837837837838,0.9891891891891892,0.9891891891891892,0.9945945945945946
209,209,A,1.0,1.0,1.0,1.0,1.0
210,210,L,1.0,1.0,1.0,1.0,1.0
211,211,R,0.9945945945945946,0.5945945945945946,0.9945945945945946,0.6,0.9837837837837838
212,212,G,0.9893048128342246,1.0,1.0,0.9946524064171123,1.0
213,213,F,1.0,1.0,0.9946524064171123,0.983957219251337,0.983957219251337
214,214,F,0.9946524064171123,1.0,0.9893048128342246,0.93048128342246,0.93048128342246
215,215,N,0.9946524064171123,0.9625668449197861,0.9893048128342246,0.9732620320855615,0.9893048128342246
216,216,G,0.8074866310160428,1.0,0.7486631016042781,0.9946524064171123,1.0
217,217,L,1.0,1.0,1.0,1.0,1.0
218,218,R,0.9893048128342246,0.9251336898395722,0.9946524064171123,0.9037433155080213,0.9679144385026738
219,219,T,0.8556149732620321,1.0,0.732620320855615,0.8983957219251337,0.9946524064171123
220,220,E,1.0,1.0,1.0,1.0,1.0
221,221,L,1.0,1.0,1.0,0.983957219251337,0.9946524064171123
222,222,A,0.5614973262032086,0.9679144385026738,0.5133689839572193,0.893048128342246,0.9572192513368984
223,223,T,0.9144385026737968,0.5775401069518716,0.9090909090909091,0.7754010695187166,0.983957219251337
224,224,Y,0.9301075268817204,0.9731182795698925,0.8870967741935484,0.8978494623655914,0.9247311827956989
225,225,P,1.0,1.0,0.989247311827957,1.0,1.0
226,226,G,1.0,0.6505376344086021,0.5161290322580645,0.6881720430107527,0.9946236559139785
227,227,I,1.0,1.0,1.0,1.0,1.0
228,228,I,0.6042780748663101,0.9732620320855615,0.6042780748663101,0.5935828877005348,0.983957219251337
229,229,V,1.0,1.0,1.0,0.9572192513368984,0.9679144385026738
230,230,S,0.8288770053475936,1.0,0.8770053475935828,0.8770053475935828,1.0
231,231,N,0.893048128342246,1.0,0.893048128342246,0.8716577540106952,1.0
232,232,I,1.0,1.0,1.0,0.983957219251337,0.9946524064171123
233,233,C,0.9946524064171123,0.9946524064171123,0.9679144385026738,0.8983957219251337,0.9144385026737968
234,234,P,1.0,1.0,1.0,1.0,1.0
235,235,G,1.0,1.0,1.0,1.0,1.0
236,236,P,0.983957219251337,0.9946524064171123,0.9946524064171123,0.9786096256684492,0.9946524064171123
237,237,V,1.0,1.0,1.0,1.0,1.0
238,238,Q,0.9251336898395722,0.9251336898395722,0.93048128342246,0.9625668449197861,0.946524064171123
239,239,S,1.0,1.0,1.0,1.0,1.0
240,240,N,0.9946524064171123,0.8021390374331551,0.9946524064171123,0.5347593582887701,0.983957219251337
241,241,I,1.0,1.0,1.0,0.9946524064171123,0.9946524064171123
242,242,V,0.9946524064171123,0.9946524064171123,0.9732620320855615,0.9037433155080213,0.9518716577540107
243,243,E,0.983957219251337,0.44919786096256686,0.9625668449197861,0.48128342245989303,0.893048128342246
244,244,N,1.0,0.9946524064171123,1.0,0.9946524064171123,1.0
245,245,S,0.8181818181818182,1.0,0.7967914438502673,0.8074866310160428,0.9786096256684492
246,246,L,1.0,1.0,1.0,0.5935828877005348,0.5935828877005348
247,247,A,0.893048128342246,0.9946524064171123,0.8877005347593583,0.9786096256684492,1.0
248,248,G,0.9679144385026738,0.7914438502673797,0.839572192513369,0.7914438502673797,1.0
249,249,E,0.9946524064171123,0.8877005347593583,0.9946524064171123,0.8074866310160428,0.9893048128342246
250,250,V,0.9732620320855615,1.0,0.9786096256684492,0.9358288770053476,0.9893048128342246
251,251,T,0.9139784946236559,0.9301075268817204,0.8333333333333334,0.9354838709677419,0.989247311827957
252,252,K,0.9946524064171123,0.9411764705882353,0.9893048128342246,0.946524064171123,1.0
253,253,T,0.8172043010752689,0.946236559139785,0.5,0.8709677419354839,0.989247311827957
254,254,I,0.782608695652174,0.9565217391304348,0.8097826086956522,0.7282608695652174,0.9891304347826086
255,255,G,0.6902173913043478,0.8152173913043478,0.6902173913043478,0.7663043478260869,0.9782608695652174
256,256,N,0.8351648351648352,0.9395604395604396,0.8076923076923077,0.8076923076923077,0.9725274725274725
257,257,N,0.5966850828729282,0.856353591160221,0.5027624309392266,0.712707182320442,0.988950276243094
258,258,G,0.8142076502732241,0.9617486338797814,0.9016393442622951,0.8907103825136612,1.0
259,259,D,0.9395604395604396,0.6483516483516484,0.9505494505494505,0.8956043956043956,0.9505494505494505
260,260,Q,0.9832402234636871,0.9553072625698324,0.9776536312849162,0.9553072625698324,0.994413407821229
261,261,S,0.8972972972972973,0.772972972972973,0.8594594594594595,0.6216216216216216,0.972972972972973
262,262,H,0.7204301075268817,0.6720430107526881,0.9623655913978495,0.6290322580645161,0.9032258064516129
263,263,K,0.9946236559139785,0.9731182795698925,0.989247311827957,0.978494623655914,1.0
264,264,M,1.0,1.0,1.0,0.9838709677419355,1.0
265,265,T,0.6182795698924731,0.967741935483871,0.7204301075268817,0.9139784946236559,1.0
266,266,T,0.946236559139785,1.0,0.9408602150537635,0.9946236559139785,1.0
267,267,S,0.9946236559139785,0.7795698924731183,0.9731182795698925,0.8924731182795699,0.978494623655914
268,268,R,1.0,0.9946236559139785,1.0,0.9946236559139785,1.0
269,269,C,1.0,1.0,1.0,1.0,1.0
270,270,V,0.9946236559139785,1.0,0.9946236559139785,0.8655913978494624,0.9946236559139785
271,271,R,0.978494623655914,0.8494623655913979,0.978494623655914,0.7258064516129032,0.8548387096774194
272,272,L,0.9946236559139785,1.0,0.9946236559139785,0.989247311827957,0.9946236559139785
273,273,M,0.8655913978494624,1.0,0.8709677419354839,0.6720430107526881,0.9946236559139785
274,274,L,1.0,1.0,1.0,0.9838709677419355,1.0
275,275,I,1.0,1.0,0.9946236559139785,0.967741935483871,1.0
276,276,S,0.9032258064516129,0.9946236559139785,0.543010752688172,0.9946236559139785,1.0
277,277,M,0.967741935483871,1.0,0.967741935483871,0.521505376344086,1.0
278,278,A,0.9247311827956989,1.0,0.9301075268817204,0.9516129032258065,1.0
279,279,N,0.9946236559139785,1.0,0.989247311827957,1.0,1.0
280,280,D,1.0,0.5860215053763441,0.7473118279569892,0.9193548387096774,0.989247311827957
281,281,L,0.967741935483871,1.0,0.967741935483871,0.956989247311828,1.0
282,282,K,0.967741935483871,0.8870967741935484,0.9623655913978495,0.9032258064516129,0.989247311827957
283,283,E,0.9946236559139785,0.989247311827957,0.9946236559139785,0.978494623655914,1.0
284,284,V,0.9838709677419355,1.0,0.978494623655914,0.46236559139784944,1.0
285,285,W,1.0,1.0,1.0,1.0,1.0
286,286,I,0.9946236559139785,0.9946236559139785,0.989247311827957,0.9946236559139785,1.0
287,287,S,0.5,1.0,0.5483870967741935,1.0,1.0
288,288,E,0.9838709677419355,0.553763440860215,0.9838709677419355,0.5483870967741935,0.978494623655914
289,289,Q,0.9946236559139785,0.7849462365591398,0.9946236559139785,0.9838709677419355,0.7849462365591398
290,290,P,1.0,1.0,0.9945945945945946,1.0,1.0
291,291,F,0.967741935483871,0.989247311827957,0.8279569892473119,0.8709677419354839,0.8548387096774194
292,292,L,0.9838709677419355,0.9946236559139785,0.989247311827957,0.9838709677419355,1.0
293,293,L,0.9193548387096774,1.0,0.9301075268817204,0.6720430107526881,0.946236559139785
294,294,V,0.9086021505376344,0.956989247311828,0.9408602150537635,0.5483870967741935,0.6666666666666666
295,295,T,0.8172043010752689,0.989247311827957,0.6182795698924731,0.5752688172043011,0.6612903225806451
296,296,Y,1.0,1.0,0.9946236559139785,0.9946236559139785,0.9946236559139785
297,297,L,0.9731182795698925,1.0,0.967741935483871,0.7688172043010753,1.0
298,298,W,0.967741935483871,0.9946236559139785,0.989247311827957,0.9623655913978495,0.956989247311828
299,299,Q,0.9946236559139785,0.9946236559139785,0.9946236559139785,0.989247311827957,1.0
300,300,Y,0.9945945945945946,1.0,1.0,0.9945945945945946,0.9945945945945946
301,301,M,0.8548387096774194,0.9946236559139785,0.8494623655913979,0.5376344086021505,0.989247311827957
302,302,P,0.989247311827957,0.9946236559139785,0.9946236559139785,0.9838709677419355,0.9838709677419355
303,303,T,0.9516129032258065,1.0,0.9408602150537635,0.9516129032258065,0.989247311827957
304,304,W,0.9408602150537635,0.946236559139785,0.9301075268817204,0.7634408602150538,0.7096774193548387
305,305,A,0.9247311827956989,0.956989247311828,0.9247311827956989,0.9838709677419355,1.0
306,306,W,0.9516129032258065,0.978494623655914,0.9516129032258065,0.9086021505376344,0.8763440860215054
307,307,W,0.8978494623655914,0.9838709677419355,0.8602150537634409,0.7903225806451613,0.7634408602150538
308,308,I,0.9838709677419355,0.9946236559139785,0.9838709677419355,0.9139784946236559,0.9838709677419355
309,309,T,0.8333333333333334,1.0,0.8279569892473119,0.8440860215053764,0.9946236559139785
310,310,N,0.9301075268817204,0.8064516129032258,0.9247311827956989,0.9193548387096774,0.989247311827957
311,311,K,0.6432432432432432,0.5567567567567567,0.6378378378378379,0.6702702702702703,0.972972972972973
312,312,M,0.9438202247191011,0.9887640449438202,0.9325842696629213,0.6460674157303371,0.9606741573033708
313,313,G,0.8846153846153846,0.9835164835164835,0.9505494505494505,0.9230769230769231,0.9560439560439561
314,314,K,0.967741935483871,0.8978494623655914,0.9731182795698925,0.9086021505376344,0.9946236559139785
315,315,K,0.9513513513513514,0.8810810810810811,0.9513513513513514,0.8918918918918919,0.9891891891891892
316,316,R,0.9247311827956989,0.8548387096774194,0.8924731182795699,0.8817204301075269,0.9731182795698925
317,317,I,0.9516129032258065,0.9731182795698925,0.9516129032258065,0.9516129032258065,1.0
318,318,E,0.9786096256684492,0.4919786096256685,0.983957219251337,0.8021390374331551,0.9893048128342246
319,319,N,0.946524064171123,0.9732620320855615,0.9358288770053476,0.93048128342246,0.9893048128342246
320,320,F,0.9732620320855615,1.0,0.9679144385026738,0.893048128342246,0.8877005347593583
321,321,K,0.989247311827957,0.9247311827956989,0.978494623655914,0.9247311827956989,1.0
322,322,S,0.5714285714285714,0.9340659340659341,0.5714285714285714,0.8626373626373627,0.9945054945054945
323,323,G,0.9832402234636871,0.9888268156424581,0.9162011173184358,0.9832402234636871,0.9888268156424581
324,324,V,0.9269662921348315,0.9325842696629213,0.9269662921348315,0.8595505617977528,1.0
325,325,D,0.9096045197740112,0.847457627118644,0.9152542372881356,0.864406779661017,0.9830508474576272
326,326,A,0.8418079096045198,0.9265536723163842,0.8813559322033898,0.8813559322033898,0.9830508474576272
327,327,D,0.9322033898305084,0.8305084745762712,0.903954802259887,0.9265536723163842,0.9943502824858758
328,328,S,0.6818181818181818,0.9602272727272727,0.6931818181818182,0.7386363636363636,0.9431818181818182
329,329,S,0.5497076023391813,0.9707602339181286,0.5321637426900585,0.8771929824561403,0.9473684210526315
330,330,Y,0.8914285714285715,0.9428571428571428,0.8971428571428571,0.8457142857142858,0.8514285714285714
331,331,F,0.8902439024390244,0.9695121951219512,0.8475609756097561,0.7682926829268293,0.7865853658536586
332,332,K,0.9289940828402367,0.5562130177514792,0.9112426035502958,0.4911242603550296,0.9585798816568047
333,333,I,0.5617977528089888,0.898876404494382,0.6179775280898876,0.47191011235955055,0.898876404494382
334,334,F,0.8202247191011236,0.9775280898876404,0.8539325842696629,0.5056179775280899,0.5393258426966292
335,335,K,0.9197530864197531,0.8518518518518519,0.9444444444444444,0.8641975308641975,0.9876543209876543
336,336,T,0.8353658536585366,0.7317073170731707,0.5487804878048781,0.7195121951219512,0.9939024390243902
337,337,K,0.8611111111111112,0.8222222222222222,0.8555555555555555,0.9055555555555556,0.9111111111111111
338,338,H,0.827027027027027,0.6378378378378379,0.8540540540540541,0.5243243243243243,0.7567567567567568
339,339,D,0.8235294117647058,0.6042780748663101,0.8449197860962567,0.7005347593582888,0.9144385026737968
